# Ecoflex30, bending actuator, displacement test.
# wall=7mm, 5 chambers, chamber=[8x8x2]mm, tube=[2,2,7]mm.
# Pressure (N/mm2), Bending Angle (degrees)
0.010109,0
0.010217,0.9008
0.010225,0.9008
0.010232,0.8008
0.010239,0.9008
0.010246,0.9008
0.010254,0.8008
0.010261,0.9008
0.010268,0.8008
0.010275,0.9008
0.010283,0.9008
0.01029,0.9008
0.010297,0.9008
0.010304,0.9008
0.010312,0.9008
0.010319,0.9008
0.010326,0.9008
0.010333,0.9008
0.010341,0.9008
0.010348,0.9008
0.010355,0.9008
0.010362,0.9008
0.01037,0.9008
0.010377,0.9008
0.010384,0.9008
0.010391,0.9008
0.010399,0.9008
0.010406,0.9008
0.010413,0.9008
0.01042,0.9008
0.010428,0.9008
0.010435,0.9008
0.010442,0.9008
0.010449,0.9008
0.010457,0.9008
0.010464,0.9008
0.010471,0.9008
0.010478,0.9008
0.010486,0.9008
0.010493,0.9008
0.0105,0.9008
0.010507,0.9008
0.010514,0.9008
0.010522,0.9008
0.010529,0.9008
0.010536,0.9008
0.010543,0.9008
0.010551,0.9008
0.010558,0.9008
0.010565,0.9008
0.010572,0.9008
0.01058,0.9008
0.010587,0.9008
0.010594,0.9008
0.010601,0.9008
0.010609,0.9008
0.010616,0.9008
0.010623,0.9008
0.01063,0.9008
0.010638,0.9008
0.010645,0.9008
0.010652,0.9008
0.010659,0.9008
0.010667,0.9008
0.010674,0.9008
0.010681,0.9008
0.010688,1.0007
0.010696,0.9008
0.010703,0.9008
0.01071,0.9008
0.010717,0.9008
0.010725,0.9008
0.010732,0.9008
0.010739,0.9008
0.010746,0.9008
0.010754,0.9008
0.010761,0.9008
0.010768,0.9008
0.010775,0.9008
0.010783,1.0007
0.01079,0.9008
0.010797,1.0007
0.010804,0.9008
0.010812,1.0007
0.010819,1.0007
0.010826,1.0007
0.010833,1.0007
0.010841,0.9008
0.010848,0.9008
0.010855,1.0007
0.010862,0.9008
0.01087,1.0007
0.010877,1.0007
0.010884,1.0007
0.010891,1.0007
0.010899,0.9008
0.010906,1.0007
0.010913,1.0007
0.01092,1.0007
0.010928,1.0007
0.010935,0.9008
0.010942,1.0007
0.010949,1.0007
0.010957,1.0007
0.010964,1.0007
0.010971,1.0007
0.010978,1.0007
0.010986,1.0007
0.010993,1.0007
0.011,1.0007
0.011007,1.0007
0.011014,1.0007
0.011022,1.0007
0.011029,1.0007
0.011036,1.0007
0.011043,1.0007
0.011051,1.0007
0.011058,1.0007
0.011065,1.0007
0.011072,1.0007
0.01108,1.0007
0.011087,1.0007
0.011094,1.0007
0.011101,1.0007
0.011109,1.0007
0.011116,1.0007
0.011123,1.0007
0.01113,1.0007
0.011138,1.0007
0.011145,1.0007
0.011152,1.0007
0.011159,1.0007
0.011167,1.0007
0.011174,1.0007
0.011181,1.0007
0.011188,1.0007
0.011196,1.0007
0.011203,1.0007
0.01121,1.0007
0.011217,1.0007
0.011225,1.0007
0.011232,1.0007
0.011239,1.0007
0.011246,1.0007
0.011254,1.0007
0.011261,1.0007
0.011268,1.0007
0.011275,1.0007
0.011283,1.0007
0.01129,1.0007
0.011297,1.0007
0.011304,1.0007
0.011312,1.0007
0.011319,1.0007
0.011326,1.0007
0.011333,1.0007
0.011341,1.0007
0.011348,1.0007
0.011355,1.0007
0.011362,1.0007
0.01137,1.0007
0.011377,1.0007
0.011384,1.0007
0.011391,1.0007
0.011399,1.0007
0.011406,1.0007
0.011413,1.0007
0.01142,1.0007
0.011428,1.0007
0.011435,1.0007
0.011442,1.0007
0.011449,1.0007
0.011457,1.0007
0.011464,1.0007
0.011471,1.0007
0.011478,1.0007
0.011486,1.1006
0.011493,1.0007
0.0115,1.0007
0.011507,1.0007
0.011514,1.0007
0.011522,1.0007
0.011529,1.0007
0.011536,1.0007
0.011543,1.0007
0.011551,1.0007
0.011558,1.0007
0.011565,1.0007
0.011572,1.0007
0.01158,1.0007
0.011587,1.1006
0.011594,1.0007
0.011601,1.0007
0.011609,1.0007
0.011616,1.1006
0.011623,1.0007
0.01163,1.0007
0.011638,1.0007
0.011645,1.1006
0.011652,1.1006
0.011659,1.1006
0.011667,1.1006
0.011674,1.0007
0.011681,1.1006
0.011688,1.1006
0.011696,1.1006
0.011703,1.1006
0.01171,1.1006
0.011717,1.1006
0.011725,1.1006
0.011732,1.1006
0.011739,1.1006
0.011746,1.1006
0.011754,1.1006
0.011761,1.1006
0.011768,1.1006
0.011775,1.1006
0.011783,1.1006
0.01179,1.1006
0.011797,1.1006
0.011804,1.1006
0.011812,1.1006
0.011819,1.1006
0.011826,1.1006
0.011833,1.1006
0.011841,1.1006
0.011848,1.1006
0.011855,1.1006
0.011862,1.1006
0.01187,1.1006
0.011877,1.1006
0.011884,1.1006
0.011891,1.1006
0.011899,1.1006
0.011906,1.1006
0.011913,1.1006
0.01192,1.1006
0.011928,1.1006
0.011935,1.1006
0.011942,1.1006
0.011949,1.1006
0.011957,1.1006
0.011964,1.1006
0.011971,1.1006
0.011978,1.1006
0.011986,1.2004
0.011993,1.2004
0.012,1.2004
0.012007,1.2004
0.012014,1.1006
0.012022,1.1006
0.012029,1.2004
0.012036,1.1006
0.012043,1.2115
0.012051,1.2115
0.012058,1.2004
0.012065,1.2004
0.012072,1.2004
0.01208,1.2004
0.012087,1.1006
0.012094,1.2004
0.012101,1.1006
0.012109,1.2004
0.012116,1.1006
0.012123,1.1006
0.01213,1.1006
0.012138,1.1006
0.012145,1.1006
0.012152,1.2115
0.012159,1.1115
0.012167,1.1115
0.012174,1.1006
0.012181,1.1006
0.012188,1.1006
0.012196,1.1006
0.012203,1.1006
0.01221,1.1006
0.012217,1.1006
0.012225,1.1006
0.012232,1.2004
0.012239,1.1006
0.012246,1.2004
0.012254,1.2004
0.012261,1.2004
0.012268,1.2004
0.012275,1.2004
0.012283,1.2115
0.01229,1.2004
0.012297,1.2004
0.012304,1.1006
0.012312,1.2004
0.012319,1.2004
0.012326,1.2004
0.012333,1.2004
0.012341,1.2004
0.012348,1.2004
0.012355,1.2004
0.012362,1.2004
0.01237,1.2004
0.012377,1.2004
0.012384,1.2004
0.012391,1.2004
0.012399,1.2004
0.012406,1.2004
0.012413,1.2004
0.01242,1.2004
0.012428,1.2004
0.012435,1.2004
0.012442,1.2004
0.012449,1.2004
0.012457,1.2004
0.012464,1.2004
0.012471,1.2004
0.012478,1.2004
0.012486,1.2004
0.012493,1.2004
0.0125,1.2004
0.012507,1.2004
0.012514,1.2004
0.012522,1.2004
0.012529,1.2004
0.012536,1.2004
0.012543,1.2004
0.012551,1.2004
0.012558,1.2004
0.012565,1.2004
0.012572,1.2004
0.01258,1.2004
0.012587,1.2004
0.012594,1.2004
0.012601,1.2004
0.012609,1.2004
0.012616,1.2004
0.012623,1.2004
0.01263,1.2004
0.012638,1.2004
0.012645,1.2004
0.012652,1.2004
0.012659,1.2004
0.012667,1.2004
0.012674,1.2004
0.012681,1.2004
0.012688,1.2004
0.012696,1.2004
0.012703,1.2004
0.01271,1.2004
0.012717,1.2004
0.012725,1.2115
0.012732,1.2115
0.012739,1.3115
0.012746,1.2115
0.012754,1.2115
0.012761,1.2004
0.012768,1.2004
0.012775,1.2004
0.012783,1.2004
0.01279,1.2115
0.012797,1.2004
0.012804,1.2115
0.012812,1.2004
0.012819,1.2004
0.012826,1.2004
0.012833,1.2004
0.012841,1.2004
0.012848,1.2004
0.012855,1.2004
0.012862,1.2004
0.01287,1.2004
0.012877,1.2004
0.012884,1.2115
0.012891,1.2115
0.012899,1.2004
0.012906,1.2004
0.012913,1.2115
0.01292,1.2115
0.012928,1.2004
0.012935,1.3115
0.012942,1.3002
0.012949,1.2004
0.012957,1.3002
0.012964,1.2004
0.012971,1.3002
0.012978,1.3002
0.012986,1.3002
0.012993,1.2115
0.013,1.2115
0.013007,1.3002
0.013014,1.2004
0.013022,1.2004
0.013029,1.3115
0.013036,1.3002
0.013043,1.3115
0.013051,1.2004
0.013058,1.3115
0.013065,1.2004
0.013072,1.2004
0.01308,1.3002
0.013087,1.2115
0.013094,1.2115
0.013101,1.2115
0.013109,1.2004
0.013116,1.2115
0.013123,1.2115
0.01313,1.3115
0.013138,1.3115
0.013145,1.2115
0.013152,1.2115
0.013159,1.2115
0.013167,1.3115
0.013174,1.2115
0.013181,1.3115
0.013188,1.2115
0.013196,1.3115
0.013203,1.3115
0.01321,1.2115
0.013217,1.3115
0.013225,1.3115
0.013232,1.3115
0.013239,1.3115
0.013246,1.3115
0.013254,1.3115
0.013261,1.3115
0.013268,1.3115
0.013275,1.3115
0.013283,1.3115
0.01329,1.3115
0.013297,1.3115
0.013304,1.3115
0.013312,1.3115
0.013319,1.3115
0.013326,1.3115
0.013333,1.3115
0.013341,1.3115
0.013348,1.3002
0.013355,1.3115
0.013362,1.3115
0.01337,1.3115
0.013377,1.3115
0.013384,1.3115
0.013391,1.3115
0.013399,1.3115
0.013406,1.3115
0.013413,1.3115
0.01342,1.3115
0.013428,1.3115
0.013435,1.3115
0.013442,1.3115
0.013449,1.3115
0.013457,1.3115
0.013464,1.3115
0.013471,1.3002
0.013478,1.3002
0.013486,1.3115
0.013493,1.3002
0.0135,1.3115
0.013507,1.4114
0.013514,1.4114
0.013522,1.4114
0.013529,1.3002
0.013536,1.3115
0.013543,1.3002
0.013551,1.3115
0.013558,1.4114
0.013565,1.3115
0.013572,1.4114
0.01358,1.4114
0.013587,1.4114
0.013594,1.3115
0.013601,1.3115
0.013609,1.3115
0.013616,1.4114
0.013623,1.4114
0.01363,1.3115
0.013638,1.3115
0.013645,1.3115
0.013652,1.3115
0.013659,1.4114
0.013667,1.3115
0.013674,1.4114
0.013681,1.4114
0.013688,1.3115
0.013696,1.3115
0.013703,1.4114
0.01371,1.4114
0.013717,1.4
0.013725,1.4114
0.013732,1.4114
0.013739,1.4114
0.013746,1.4
0.013754,1.4114
0.013761,1.4114
0.013768,1.4114
0.013775,1.4114
0.013783,1.4114
0.01379,1.4114
0.013797,1.4114
0.013804,1.4114
0.013812,1.4114
0.013819,1.4114
0.013826,1.4114
0.013833,1.4114
0.013841,1.4114
0.013848,1.4114
0.013855,1.4114
0.013862,1.4114
0.01387,1.4114
0.013877,1.4114
0.013884,1.4114
0.013891,1.4114
0.013899,1.4114
0.013906,1.4114
0.013913,1.4114
0.01392,1.4114
0.013928,1.4114
0.013942,1.4114
0.013971,1.4114
0.013978,1.4114
0.013986,1.4114
0.013993,1.4114
0.014,1.4114
0.014007,1.4114
0.014014,1.4114
0.014022,1.4114
0.014029,1.4114
0.014036,1.4114
0.014043,1.4114
0.014051,1.4114
0.014058,1.4114
0.014065,1.4114
0.014072,1.4114
0.01408,1.4114
0.014087,1.4114
0.014094,1.4114
0.014101,1.4114
0.014109,1.4114
0.014116,1.4114
0.014123,1.4114
0.01413,1.4114
0.014138,1.4114
0.014145,1.4114
0.014152,1.4114
0.014159,1.4114
0.014167,1.4114
0.014174,1.4114
0.014181,1.4114
0.014188,1.4114
0.014196,1.4114
0.014203,1.4114
0.01421,1.4114
0.014217,1.4114
0.014225,1.5113
0.014232,1.4114
0.014239,1.4114
0.014246,1.4114
0.014254,1.4114
0.014261,1.4114
0.014268,1.5113
0.014275,1.4114
0.014283,1.5113
0.01429,1.4114
0.014297,1.5113
0.014304,1.4114
0.014312,1.4114
0.014319,1.4114
0.014326,1.4114
0.014333,1.5113
0.014341,1.5113
0.014348,1.5113
0.014355,1.5113
0.014362,1.5113
0.01437,1.5113
0.014377,1.5113
0.014384,1.5113
0.014391,1.5113
0.014399,1.5113
0.014406,1.5113
0.014413,1.5113
0.01442,1.5113
0.014428,1.5113
0.014435,1.5113
0.014442,1.5113
0.014449,1.5113
0.014457,1.5113
0.014464,1.5113
0.014471,1.5113
0.014478,1.5113
0.014486,1.5113
0.014493,1.5113
0.0145,1.5113
0.014507,1.5113
0.014514,1.5113
0.014522,1.5113
0.014529,1.5113
0.014536,1.5113
0.014543,1.5113
0.014551,1.5113
0.014558,1.5113
0.014565,1.5113
0.014572,1.5113
0.01458,1.5113
0.014587,1.5113
0.014594,1.5113
0.014601,1.5113
0.014609,1.5113
0.014616,1.5113
0.014623,1.5113
0.01463,1.5113
0.014638,1.5113
0.014645,1.5113
0.014652,1.5113
0.014659,1.5113
0.014667,1.5113
0.014674,1.5113
0.014681,1.5113
0.014688,1.5113
0.014696,1.5113
0.014703,1.5113
0.01471,1.5113
0.014717,1.5113
0.014725,1.5113
0.014732,1.5113
0.014739,1.5113
0.014746,1.5113
0.014754,1.5113
0.014761,1.5113
0.014768,1.5113
0.014775,1.5113
0.014783,1.5113
0.01479,1.5113
0.014797,1.5113
0.014804,1.5113
0.014812,1.4997
0.014819,1.5113
0.014826,1.6111
0.014833,1.5113
0.014841,1.5113
0.014848,1.5113
0.014855,1.5113
0.014862,1.5113
0.01487,1.6111
0.014877,1.5113
0.014884,1.5113
0.014891,1.5113
0.014899,1.4997
0.014906,1.5994
0.014913,1.4997
0.01492,1.4997
0.014928,1.6111
0.014935,1.6111
0.014942,1.5113
0.014949,1.6111
0.014957,1.4997
0.014964,1.5113
0.014971,1.5994
0.014978,1.6111
0.014986,1.6111
0.014993,1.5113
0.015,1.5113
0.015007,1.5994
0.015014,1.5113
0.015022,1.6111
0.015029,1.6111
0.015036,1.6111
0.015043,1.6111
0.015051,1.6111
0.015058,1.6111
0.015065,1.5994
0.015072,1.6111
0.01508,1.6111
0.015087,1.6111
0.015094,1.6111
0.015101,1.6111
0.015109,1.6111
0.015116,1.6111
0.015123,1.6111
0.01513,1.6111
0.015138,1.5994
0.015145,1.6111
0.015152,1.6111
0.015159,1.6111
0.015167,1.5994
0.015174,1.5994
0.015181,1.5994
0.015188,1.5994
0.015196,1.5994
0.015203,1.5994
0.01521,1.5994
0.015217,1.5994
0.015225,1.5994
0.015232,1.6111
0.015239,1.6111
0.015246,1.6111
0.015254,1.5994
0.015261,1.6111
0.015268,1.6111
0.015275,1.5994
0.015283,1.5994
0.01529,1.6111
0.015297,1.6111
0.015304,1.6111
0.015312,1.6111
0.015319,1.6111
0.015326,1.5994
0.015333,1.6111
0.015341,1.6111
0.015348,1.6111
0.015355,1.6111
0.015362,1.6111
0.01537,1.6111
0.015377,1.6111
0.015384,1.6111
0.015391,1.6111
0.015399,1.6111
0.015406,1.6111
0.015413,1.6111
0.01542,1.5994
0.015428,1.6111
0.015435,1.6111
0.015442,1.6111
0.015449,1.6111
0.015457,1.711
0.015464,1.6111
0.015471,1.6111
0.015478,1.6111
0.015486,1.711
0.015493,1.711
0.0155,1.711
0.015507,1.711
0.015514,1.711
0.015522,1.711
0.015529,1.711
0.015536,1.711
0.015543,1.699
0.015551,1.711
0.015558,1.699
0.015565,1.699
0.015572,1.699
0.01558,1.5994
0.015587,1.699
0.015594,1.5994
0.015601,1.699
0.015609,1.699
0.015616,1.711
0.015623,1.711
0.01563,1.711
0.015638,1.711
0.015645,1.711
0.015652,1.711
0.015659,1.699
0.015667,1.711
0.015674,1.699
0.015681,1.711
0.015688,1.711
0.015696,1.711
0.015703,1.711
0.01571,1.711
0.015717,1.711
0.015725,1.699
0.015732,1.711
0.015739,1.699
0.015746,1.711
0.015754,1.711
0.015761,1.711
0.015768,1.711
0.015775,1.699
0.015783,1.711
0.01579,1.711
0.015797,1.711
0.015804,1.711
0.015812,1.699
0.015819,1.711
0.015826,1.711
0.015833,1.711
0.015841,1.711
0.015848,1.711
0.015855,1.711
0.015862,1.711
0.01587,1.711
0.015877,1.711
0.015884,1.711
0.015891,1.711
0.015899,1.711
0.015906,1.711
0.015913,1.711
0.01592,1.711
0.015928,1.711
0.015935,1.711
0.015942,1.711
0.015949,1.711
0.015957,1.711
0.015964,1.711
0.015971,1.711
0.015978,1.711
0.015986,1.711
0.015993,1.8107
0.016,1.711
0.016007,1.711
0.016014,1.8107
0.016022,1.711
0.016029,1.8107
0.016036,1.8107
0.016043,1.8107
0.016051,1.8107
0.016058,1.8107
0.016065,1.8107
0.016072,1.8107
0.01608,1.7986
0.016087,1.7986
0.016094,1.8107
0.016101,1.7986
0.016109,1.8107
0.016116,1.711
0.016123,1.8107
0.01613,1.8107
0.016138,1.8107
0.016145,1.8107
0.016152,1.8107
0.016159,1.8107
0.016167,1.8107
0.016174,1.8107
0.016181,1.8107
0.016188,1.8107
0.016196,1.8107
0.016203,1.8107
0.01621,1.8107
0.016217,1.8107
0.016225,1.8107
0.016232,1.8107
0.016239,1.8107
0.016246,1.8107
0.016254,1.8107
0.016261,1.8107
0.016268,1.8107
0.016275,1.8107
0.016283,1.8107
0.01629,1.8107
0.016297,1.8107
0.016304,1.8107
0.016312,1.8107
0.016319,1.8107
0.016326,1.8107
0.016333,1.8107
0.016341,1.8107
0.016348,1.8107
0.016355,1.8107
0.016362,1.8107
0.01637,1.8107
0.016377,1.8107
0.016384,1.8107
0.016391,1.8107
0.016399,1.8107
0.016406,1.8107
0.016413,1.8107
0.01642,1.8107
0.016428,1.8107
0.016435,1.8107
0.016442,1.8107
0.016449,1.8107
0.016457,1.8107
0.016464,1.8107
0.016471,1.8107
0.016478,1.8107
0.016486,1.8107
0.016493,1.8107
0.0165,1.9105
0.016507,1.8107
0.016514,1.8107
0.016522,1.8107
0.016529,1.9105
0.016536,1.8107
0.016543,1.8107
0.016551,1.9105
0.016558,1.9105
0.016565,1.9105
0.016572,1.9105
0.01658,1.9105
0.016587,1.9105
0.016594,1.9105
0.016601,1.9105
0.016609,1.9105
0.016616,1.9105
0.016623,1.9105
0.01663,1.9105
0.016638,1.9105
0.016645,1.9105
0.016652,1.9105
0.016659,1.9105
0.016667,1.9105
0.016674,1.9105
0.016681,1.9105
0.016688,1.9105
0.016696,1.9105
0.016703,1.9105
0.01671,1.9105
0.016717,1.9105
0.016725,1.9105
0.016732,1.8107
0.016739,1.9105
0.016746,1.9105
0.016754,1.9105
0.016761,1.9105
0.016768,1.9105
0.016775,1.9105
0.016783,1.9105
0.01679,1.9105
0.016797,1.9105
0.016804,1.9105
0.016812,1.9105
0.016819,1.9105
0.016826,1.9105
0.016833,1.9105
0.016841,1.9105
0.016848,1.9105
0.016855,1.9105
0.016862,1.9105
0.01687,1.9105
0.016877,1.9105
0.016884,1.9105
0.016891,1.9105
0.016899,1.9105
0.016906,1.9105
0.016913,1.9105
0.01692,1.9105
0.016928,1.9105
0.016935,1.9105
0.016942,1.9105
0.016949,1.9105
0.016957,1.9105
0.016964,1.9105
0.016971,1.9105
0.016978,1.9105
0.016986,1.9105
0.016993,1.9105
0.017,1.9105
0.017007,1.9105
0.017014,1.9105
0.017022,2.0101
0.017029,1.9105
0.017036,2.0101
0.017043,1.9105
0.017051,1.9105
0.017058,2.0101
0.017065,1.9105
0.017072,2.0101
0.01708,2.0101
0.017087,1.9105
0.017094,2.0101
0.017101,2.0101
0.017109,2.0101
0.017116,2.0101
0.017123,2.0101
0.01713,2.0101
0.017138,2.0101
0.017145,2.0101
0.017152,2.0101
0.017159,2.0101
0.017167,2.0101
0.017174,2.0101
0.017181,2.0101
0.017188,2.0101
0.017196,2.0101
0.017203,2.0101
0.01721,2.0101
0.017217,2.0101
0.017225,2.0101
0.017232,2.0101
0.017239,2.0101
0.017246,2.0101
0.017254,2.0101
0.017261,2.0101
0.017268,2.0101
0.017275,2.0101
0.017283,2.0101
0.01729,2.0101
0.017297,2.0101
0.017304,2.0101
0.017312,2.0101
0.017319,2.0101
0.017326,2.0101
0.017333,2.0101
0.017341,2.0101
0.017348,2.0101
0.017355,2.0101
0.017362,2.0101
0.01737,2.0101
0.017377,2.0101
0.017384,2.0101
0.017391,2.0101
0.017399,2.0101
0.017406,2.0101
0.017413,2.0101
0.01742,2.0101
0.017428,2.0101
0.017435,2.0101
0.017442,2.0101
0.017449,2.0101
0.017457,2.0101
0.017464,2.0101
0.017471,2.0101
0.017478,2.0101
0.017486,2.0101
0.017493,2.0101
0.0175,2.0101
0.017507,2.0101
0.017514,2.0101
0.017522,2.0101
0.017529,2.0101
0.017536,2.1098
0.017543,2.1098
0.017551,2.1098
0.017558,2.1098
0.017565,2.1098
0.017572,2.1098
0.01758,2.1098
0.017587,2.1098
0.017594,2.1098
0.017601,2.1098
0.017609,2.1098
0.017616,2.1098
0.017623,2.1098
0.01763,2.1098
0.017638,2.1098
0.017645,2.1098
0.017652,2.1098
0.017659,2.1098
0.017667,2.1098
0.017674,2.1098
0.017681,2.1098
0.017688,2.1098
0.017696,2.1098
0.017703,2.1098
0.01771,2.1098
0.017717,2.1098
0.017725,2.1098
0.017732,2.1098
0.017739,2.1098
0.017746,2.1098
0.017754,2.1098
0.017761,2.1098
0.017768,2.1098
0.017775,2.1098
0.017783,2.1098
0.01779,2.1098
0.017797,2.1098
0.017804,2.1098
0.017812,2.1098
0.017819,2.1098
0.017826,2.1098
0.017833,2.1098
0.017841,2.1098
0.017848,2.1098
0.017855,2.1098
0.017862,2.1098
0.01787,2.1098
0.017877,2.1098
0.017884,2.2094
0.017891,2.1098
0.017899,2.1098
0.017906,2.1098
0.017913,2.1098
0.01792,2.1098
0.017928,2.1098
0.017935,2.1098
0.017942,2.2094
0.017949,2.1098
0.017957,2.1098
0.017964,2.2094
0.017971,2.2094
0.017978,2.2094
0.017986,2.2094
0.017993,2.2094
0.018,2.2094
0.018007,2.2094
0.018014,2.2094
0.018022,2.1098
0.018029,2.2094
0.018036,2.1098
0.018043,2.1098
0.018051,2.2094
0.018058,2.2094
0.018065,2.2094
0.018072,2.2094
0.01808,2.2094
0.018087,2.2094
0.018094,2.2094
0.018101,2.2094
0.018109,2.2094
0.018116,2.2094
0.018123,2.2094
0.01813,2.2094
0.018138,2.2094
0.018145,2.2094
0.018152,2.2094
0.018159,2.2094
0.018167,2.2094
0.018174,2.2094
0.018181,2.2094
0.018188,2.2094
0.018196,2.2094
0.018203,2.2094
0.01821,2.2094
0.018217,2.2094
0.018225,2.2094
0.018232,2.2094
0.018239,2.2094
0.018246,2.2094
0.018254,2.2094
0.018261,2.2094
0.018268,2.2094
0.018275,2.2094
0.018283,2.2094
0.01829,2.2094
0.018297,2.2094
0.018304,2.2094
0.018312,2.2094
0.018319,2.2094
0.018326,2.2094
0.018333,2.2094
0.018341,2.2094
0.018348,2.2094
0.018355,2.2094
0.018362,2.2094
0.01837,2.2094
0.018377,2.2094
0.018384,2.2094
0.018391,2.2094
0.018399,2.2094
0.018406,2.2094
0.018413,2.2094
0.01842,2.2094
0.018428,2.2094
0.018435,2.2094
0.018442,2.2094
0.018449,2.2094
0.018457,2.2094
0.018464,2.2094
0.018471,2.2094
0.018478,2.2094
0.018486,2.3089
0.018493,2.2094
0.0185,2.2094
0.018507,2.3089
0.018514,2.3089
0.018522,2.3089
0.018529,2.3089
0.018536,2.2094
0.018543,2.3089
0.018551,2.3089
0.018558,2.3089
0.018565,2.3089
0.018572,2.3089
0.01858,2.3089
0.018587,2.3089
0.018594,2.3089
0.018601,2.2094
0.018609,2.3089
0.018616,2.3089
0.018623,2.3089
0.01863,2.3089
0.018638,2.3089
0.018645,2.3089
0.018652,2.3089
0.018659,2.3089
0.018667,2.3089
0.018674,2.3089
0.018681,2.3089
0.018688,2.3089
0.018696,2.3089
0.018703,2.3089
0.01871,2.3089
0.018717,2.3089
0.018725,2.3089
0.018732,2.3089
0.018739,2.3089
0.018746,2.3089
0.018754,2.3089
0.018761,2.3089
0.018768,2.3089
0.018775,2.3089
0.018783,2.3089
0.01879,2.3089
0.018797,2.3089
0.018804,2.3089
0.018812,2.3089
0.018819,2.3089
0.018826,2.3089
0.018833,2.3089
0.018841,2.3089
0.018848,2.3089
0.018855,2.3089
0.018862,2.3089
0.01887,2.3089
0.018877,2.3089
0.018884,2.3089
0.018891,2.3089
0.018899,2.3089
0.018906,2.4084
0.018913,2.4084
0.01892,2.4084
0.018928,2.4084
0.018935,2.3089
0.018942,2.4084
0.018949,2.4084
0.018957,2.4084
0.018964,2.4084
0.018971,2.4084
0.018978,2.4084
0.018986,2.4084
0.018993,2.4084
0.019,2.4084
0.019007,2.4084
0.019014,2.4084
0.019022,2.4084
0.019029,2.3089
0.019036,2.4084
0.019043,2.4084
0.019051,2.4084
0.019058,2.4084
0.019065,2.4084
0.019072,2.4084
0.01908,2.4084
0.019087,2.4084
0.019094,2.4084
0.019101,2.4084
0.019109,2.4084
0.019116,2.4084
0.019123,2.4084
0.01913,2.4084
0.019138,2.4084
0.019145,2.4084
0.019152,2.4084
0.019159,2.4084
0.019167,2.4084
0.019174,2.4084
0.019181,2.4084
0.019188,2.4084
0.019196,2.4084
0.019203,2.4084
0.01921,2.4084
0.019217,2.4084
0.019225,2.4084
0.019232,2.4084
0.019239,2.4084
0.019246,2.4084
0.019254,2.4084
0.019261,2.4084
0.019268,2.4084
0.019275,2.4084
0.019283,2.4084
0.01929,2.4084
0.019297,2.4084
0.019304,2.4084
0.019312,2.4084
0.019319,2.4084
0.019326,2.4084
0.019333,2.5079
0.019341,2.5079
0.019348,2.5079
0.019355,2.5079
0.019362,2.5079
0.01937,2.5079
0.019377,2.5079
0.019384,2.5079
0.019391,2.5079
0.019399,2.5079
0.019406,2.5079
0.019413,2.5079
0.01942,2.5079
0.019428,2.5079
0.019435,2.5079
0.019442,2.5079
0.019449,2.5079
0.019457,2.5079
0.019464,2.5079
0.019471,2.5079
0.019478,2.5079
0.019486,2.5079
0.019493,2.5079
0.0195,2.5079
0.019507,2.5079
0.019514,2.5079
0.019522,2.5079
0.019529,2.5079
0.019536,2.5079
0.019543,2.5079
0.019551,2.5079
0.019558,2.5079
0.019565,2.5079
0.019572,2.5079
0.01958,2.5079
0.019587,2.5079
0.019594,2.5079
0.019601,2.5079
0.019609,2.5079
0.019616,2.5079
0.019623,2.6073
0.01963,2.5079
0.019638,2.5079
0.019645,2.6073
0.019652,2.5079
0.019659,2.6073
0.019667,2.5079
0.019674,2.5079
0.019681,2.6073
0.019688,2.6073
0.019696,2.6073
0.019703,2.6073
0.01971,2.6073
0.019717,2.6073
0.019725,2.6073
0.019732,2.6073
0.019739,2.6073
0.019746,2.6073
0.019754,2.6073
0.019761,2.6073
0.019768,2.6073
0.019775,2.6073
0.019783,2.6073
0.01979,2.6073
0.019797,2.6073
0.019804,2.6073
0.019812,2.6073
0.019819,2.6073
0.019826,2.6073
0.019833,2.6073
0.019841,2.6073
0.019848,2.6073
0.019855,2.6073
0.019862,2.6073
0.01987,2.6073
0.019877,2.6073
0.019884,2.6073
0.019891,2.6073
0.019899,2.6073
0.019906,2.6073
0.019913,2.6073
0.01992,2.6073
0.019928,2.6073
0.019935,2.6073
0.019942,2.6073
0.019949,2.6073
0.019957,2.6073
0.019964,2.7067
0.019971,2.6073
0.019978,2.6073
0.019986,2.6073
0.019993,2.6073
0.02,2.7067
0.020007,2.7067
0.020014,2.7067
0.020022,2.7067
0.020029,2.7067
0.020036,2.7067
0.020043,2.7067
0.020051,2.7067
0.020058,2.7067
0.020065,2.7067
0.020072,2.6073
0.02008,2.7067
0.020087,2.7067
0.020094,2.7067
0.020101,2.7067
0.020109,2.7067
0.020116,2.7067
0.020123,2.7067
0.02013,2.7067
0.020138,2.7067
0.020145,2.7067
0.020152,2.7067
0.020159,2.7067
0.020167,2.7067
0.020174,2.7067
0.020181,2.7067
0.020188,2.7067
0.020196,2.7067
0.020203,2.7067
0.02021,2.7067
0.020217,2.7067
0.020225,2.7067
0.020232,2.7067
0.020239,2.7067
0.020246,2.7204
0.020254,2.7067
0.020261,2.7067
0.020268,2.7067
0.020275,2.7067
0.020283,2.7204
0.02029,2.7204
0.020297,2.7204
0.020304,2.7204
0.020312,2.7204
0.020319,2.7204
0.020326,2.7204
0.020333,2.7204
0.020341,2.7204
0.020348,2.7204
0.020355,2.7204
0.020362,2.7204
0.02037,2.7204
0.020377,2.8199
0.020384,2.7204
0.020391,2.8199
0.020399,2.7204
0.020406,2.8199
0.020413,2.7204
0.02042,2.7204
0.020428,2.8199
0.020435,2.7204
0.020442,2.8199
0.020449,2.8199
0.020457,2.8199
0.020464,2.8199
0.020471,2.8199
0.020478,2.8199
0.020486,2.8199
0.020493,2.8199
0.0205,2.8199
0.020507,2.8199
0.020514,2.8199
0.020522,2.8199
0.020529,2.8199
0.020536,2.8199
0.020543,2.8199
0.020551,2.8199
0.020558,2.8199
0.020565,2.8199
0.020572,2.806
0.02058,2.8199
0.020587,2.8199
0.020594,2.8199
0.020601,2.8199
0.020609,2.8199
0.020616,2.8199
0.020623,2.8199
0.02063,2.8199
0.020638,2.8199
0.020645,2.8199
0.020652,2.8199
0.020659,2.8199
0.020667,2.8199
0.020674,2.8199
0.020681,2.8199
0.020688,2.8199
0.020696,2.8199
0.020703,2.8199
0.02071,2.8199
0.020717,2.8199
0.020725,2.8199
0.020732,2.8199
0.020739,2.8199
0.020746,2.8199
0.020754,2.8199
0.020761,2.8199
0.020768,2.8199
0.020775,2.9193
0.020783,2.8199
0.02079,2.9193
0.020797,2.9193
0.020804,2.8199
0.020812,2.9193
0.020819,2.9193
0.020826,2.9193
0.020833,2.9193
0.020841,2.9193
0.020848,2.9193
0.020855,2.9193
0.020862,2.9193
0.02087,2.9193
0.020877,2.9193
0.020884,2.9193
0.020891,2.9193
0.020899,2.9193
0.020906,2.9193
0.020913,2.9193
0.02092,2.9193
0.020928,2.9193
0.020935,2.9193
0.020942,2.9193
0.020949,2.9193
0.020957,2.9193
0.020964,2.9193
0.020971,2.9193
0.020978,2.9193
0.020986,2.9193
0.020993,2.9193
0.021,2.9193
0.021007,2.9193
0.021014,2.9193
0.021022,2.9193
0.021029,3.0187
0.021036,2.9193
0.021043,2.9193
0.021051,3.0187
0.021058,3.0187
0.021065,2.9193
0.021072,3.0187
0.02108,3.0187
0.021087,3.0187
0.021094,3.0187
0.021101,3.0187
0.021109,3.0187
0.021116,3.0187
0.021123,3.0187
0.02113,3.0187
0.021138,3.0187
0.021145,3.0187
0.021152,3.0187
0.021159,3.0187
0.021167,3.0187
0.021174,3.0187
0.021181,3.0187
0.021188,3.0187
0.021196,3.0187
0.021203,3.0187
0.02121,3.0187
0.021217,3.0187
0.021225,3.0187
0.021232,3.0187
0.021239,3.0187
0.021246,3.0187
0.021254,3.0187
0.021261,3.0187
0.021268,3.0187
0.021275,3.0187
0.021283,3.033
0.02129,3.033
0.021297,3.0187
0.021304,3.0187
0.021312,3.0187
0.021319,3.0187
0.021326,3.118
0.021333,3.0187
0.021341,3.0187
0.021348,3.0187
0.021355,3.118
0.021362,3.118
0.02137,3.118
0.021377,3.118
0.021384,3.118
0.021391,3.118
0.021399,3.118
0.021406,3.118
0.021413,3.118
0.02142,3.118
0.021428,3.118
0.021435,3.118
0.021442,3.118
0.021449,3.118
0.021457,3.118
0.021464,3.118
0.021471,3.118
0.021478,3.118
0.021486,3.118
0.021493,3.118
0.0215,3.118
0.021507,3.118
0.021514,3.118
0.021522,3.118
0.021529,3.118
0.021536,3.118
0.021543,3.118
0.021551,3.118
0.021558,3.118
0.021565,3.118
0.021572,3.118
0.02158,3.118
0.021587,3.118
0.021594,3.118
0.021601,3.118
0.021609,3.118
0.021616,3.118
0.021623,3.118
0.02163,3.2173
0.021638,3.118
0.021645,3.2173
0.021652,3.118
0.021659,3.118
0.021667,3.2173
0.021674,3.2173
0.021681,3.2173
0.021688,3.2173
0.021696,3.2173
0.021703,3.2173
0.02171,3.2173
0.021717,3.2173
0.021725,3.2173
0.021732,3.2173
0.021739,3.2173
0.021746,3.2173
0.021754,3.2173
0.021761,3.118
0.021768,3.2319
0.021775,3.2173
0.021783,3.2173
0.02179,3.2173
0.021797,3.2173
0.021804,3.2173
0.021812,3.2173
0.021819,3.2173
0.021826,3.2173
0.021833,3.2173
0.021841,3.2173
0.021848,3.2173
0.021855,3.2173
0.021862,3.2173
0.02187,3.2173
0.021877,3.2319
0.021884,3.2173
0.021891,3.2319
0.021899,3.2173
0.021906,3.2173
0.021913,3.2173
0.02192,3.2173
0.021928,3.2173
0.021935,3.2173
0.021942,3.2319
0.021949,3.2319
0.021957,3.2319
0.021964,3.2319
0.021971,3.2173
0.021978,3.2173
0.021986,3.2173
0.021993,3.2173
0.022,3.2173
0.022007,3.2173
0.022014,3.2173
0.022022,3.2173
0.022029,3.2173
0.022036,3.2173
0.022043,3.2173
0.022051,3.2173
0.022058,3.3313
0.022065,3.3166
0.022072,3.3313
0.02208,3.3166
0.022087,3.3166
0.022094,3.3166
0.022101,3.3166
0.022109,3.3166
0.022116,3.2173
0.022123,3.2173
0.02213,3.3166
0.022138,3.3166
0.022145,3.2173
0.022152,3.3166
0.022159,3.3166
0.022167,3.3166
0.022174,3.3166
0.022181,3.3166
0.022188,3.3166
0.022196,3.3166
0.022203,3.3166
0.02221,3.3166
0.022217,3.3166
0.022225,3.3166
0.022232,3.3166
0.022239,3.3313
0.022246,3.3166
0.022254,3.3313
0.022261,3.3166
0.022268,3.3166
0.022275,3.3166
0.022283,3.3166
0.02229,3.3166
0.022297,3.3166
0.022304,3.3166
0.022312,3.3166
0.022319,3.3166
0.022326,3.3166
0.022333,3.3166
0.022341,3.3166
0.022348,3.3166
0.022355,3.4158
0.022362,3.3166
0.02237,3.4158
0.022377,3.4158
0.022384,3.4158
0.022391,3.4158
0.022399,3.4158
0.022406,3.4158
0.022413,3.4158
0.02242,3.4158
0.022428,3.4158
0.022435,3.4158
0.022442,3.4158
0.022449,3.4158
0.022457,3.4158
0.022464,3.4158
0.022471,3.4158
0.022478,3.4158
0.022486,3.4158
0.022493,3.4158
0.0225,3.4158
0.022507,3.4158
0.022514,3.4158
0.022522,3.4158
0.022529,3.4158
0.022536,3.4158
0.022543,3.4158
0.022551,3.4158
0.022558,3.4158
0.022565,3.4158
0.022572,3.5149
0.02258,3.4158
0.022587,3.5149
0.022594,3.5149
0.022601,3.5149
0.022609,3.5149
0.022616,3.5149
0.022623,3.5149
0.02263,3.4158
0.022638,3.5149
0.022645,3.5149
0.022652,3.5149
0.022659,3.5149
0.022667,3.5149
0.022674,3.5149
0.022681,3.5149
0.022688,3.5149
0.022696,3.5149
0.022703,3.5149
0.02271,3.5149
0.022717,3.5149
0.022725,3.5149
0.022732,3.5149
0.022739,3.5149
0.022746,3.5149
0.022754,3.5149
0.022761,3.5149
0.022768,3.5149
0.022775,3.5149
0.022783,3.5149
0.02279,3.5149
0.022797,3.5149
0.022804,3.5149
0.022812,3.5149
0.022819,3.5149
0.022826,3.5149
0.022833,3.5149
0.022841,3.5149
0.022848,3.614
0.022855,3.5149
0.022862,3.614
0.02287,3.5149
0.022877,3.5149
0.022884,3.5149
0.022891,3.614
0.022899,3.614
0.022906,3.614
0.022913,3.614
0.02292,3.614
0.022928,3.614
0.022935,3.614
0.022942,3.5149
0.022949,3.614
0.022957,3.614
0.022964,3.614
0.022971,3.614
0.022978,3.614
0.022986,3.614
0.022993,3.614
0.023,3.614
0.023007,3.614
0.023014,3.614
0.023022,3.614
0.023029,3.614
0.023036,3.614
0.023043,3.614
0.023051,3.614
0.023058,3.614
0.023065,3.614
0.023072,3.614
0.02308,3.614
0.023087,3.614
0.023094,3.614
0.023101,3.614
0.023109,3.614
0.023116,3.614
0.023123,3.614
0.02313,3.614
0.023138,3.614
0.023145,3.614
0.023152,3.614
0.023159,3.614
0.023167,3.614
0.023174,3.614
0.023181,3.614
0.023188,3.614
0.023196,3.614
0.023203,3.614
0.02321,3.614
0.023217,3.614
0.023225,3.713
0.023232,3.614
0.023239,3.713
0.023246,3.713
0.023254,3.614
0.023261,3.713
0.023268,3.713
0.023275,3.614
0.023283,3.713
0.02329,3.713
0.023297,3.614
0.023304,3.713
0.023312,3.614
0.023319,3.713
0.023326,3.614
0.023333,3.713
0.023341,3.713
0.023348,3.713
0.023355,3.713
0.023362,3.713
0.02337,3.713
0.023377,3.713
0.023384,3.713
0.023391,3.614
0.023399,3.713
0.023406,3.713
0.023413,3.713
0.02342,3.713
0.023428,3.713
0.023435,3.713
0.023442,3.713
0.023449,3.713
0.023457,3.713
0.023464,3.713
0.023471,3.812
0.023478,3.713
0.023486,3.812
0.023493,3.713
0.0235,3.713
0.023507,3.812
0.023514,3.812
0.023522,3.812
0.023529,3.812
0.023536,3.812
0.023543,3.812
0.023551,3.812
0.023558,3.812
0.023565,3.812
0.023572,3.812
0.02358,3.812
0.023587,3.812
0.023594,3.812
0.023601,3.812
0.023609,3.812
0.023616,3.812
0.023623,3.812
0.02363,3.812
0.023638,3.812
0.023645,3.812
0.023652,3.812
0.023659,3.812
0.023667,3.812
0.023674,3.812
0.023681,3.9109
0.023688,3.812
0.023696,3.812
0.023703,3.812
0.02371,3.812
0.023717,3.812
0.023725,3.812
0.023732,3.812
0.023739,3.812
0.023746,3.9109
0.023754,3.9109
0.023761,3.812
0.023768,3.9109
0.023775,3.9109
0.023783,3.9109
0.02379,3.9109
0.023797,3.9109
0.023804,3.9109
0.023812,3.9109
0.023819,3.9109
0.023826,3.9109
0.023833,3.9109
0.023841,3.9109
0.023848,3.9109
0.023855,3.9109
0.023862,3.9109
0.02387,3.9109
0.023877,3.9109
0.023884,3.9109
0.023891,3.9109
0.023899,3.9109
0.023906,3.9109
0.023913,3.9109
0.02392,3.9109
0.023928,3.9109
0.023935,3.9109
0.023942,3.9109
0.023949,3.9109
0.023957,4.0098
0.023964,3.9109
0.023971,4.0098
0.023978,3.9109
0.023986,4.0257
0.023993,3.9267
0.024,4.0098
0.024007,4.0098
0.024014,3.9109
0.024022,3.9109
0.024029,4.0098
0.024036,4.0098
0.024043,4.0098
0.024051,3.9109
0.024058,4.0098
0.024065,4.0098
0.024072,4.0098
0.02408,4.0098
0.024087,4.0098
0.024094,4.0098
0.024101,4.0098
0.024109,4.0098
0.024116,4.0098
0.024123,4.0098
0.02413,4.0098
0.024138,4.0098
0.024145,4.0257
0.024152,4.0098
0.024159,4.0098
0.024167,4.0098
0.024174,4.0257
0.024181,4.0257
0.024188,4.0098
0.024196,4.0098
0.024203,4.0098
0.02421,4.0098
0.024217,4.0098
0.024225,4.0098
0.024232,4.1086
0.024239,4.1247
0.024246,4.1086
0.024254,4.0257
0.024261,4.1086
0.024268,4.1086
0.024275,4.1247
0.024283,4.1086
0.02429,4.1086
0.024297,4.0098
0.024304,4.1086
0.024312,4.0098
0.024319,4.1086
0.024326,4.1086
0.024333,4.1086
0.024341,4.1086
0.024348,4.1086
0.024355,4.1086
0.024362,4.1086
0.02437,4.1086
0.024377,4.1086
0.024384,4.0257
0.024391,4.1247
0.024399,4.1247
0.024406,4.1086
0.024413,4.1247
0.02442,4.1247
0.024428,4.1247
0.024435,4.1247
0.024442,4.1086
0.024449,4.1247
0.024457,4.1247
0.024464,4.1086
0.024471,4.1086
0.024478,4.1086
0.024486,4.1086
0.024493,4.1247
0.0245,4.1086
0.024507,4.1086
0.024514,4.1247
0.024522,4.1086
0.024529,4.1247
0.024536,4.1247
0.024543,4.1247
0.024551,4.1086
0.024558,4.1086
0.024565,4.1086
0.024572,4.2237
0.02458,4.1086
0.024587,4.2237
0.024594,4.2237
0.024601,4.2237
0.024609,4.2237
0.024616,4.2237
0.024623,4.2237
0.02463,4.2237
0.024638,4.2237
0.024645,4.2237
0.024652,4.1247
0.024659,4.2237
0.024667,4.2237
0.024674,4.2237
0.024681,4.1247
0.024688,4.2237
0.024696,4.2237
0.024703,4.2237
0.02471,4.2237
0.024717,4.2237
0.024725,4.2237
0.024732,4.2237
0.024739,4.2237
0.024746,4.2237
0.024754,4.2237
0.024761,4.2237
0.024768,4.2237
0.024775,4.2237
0.024783,4.2237
0.02479,4.2237
0.024797,4.2237
0.024804,4.2237
0.024812,4.2074
0.024819,4.2237
0.024826,4.2237
0.024833,4.2237
0.024841,4.2237
0.024848,4.2237
0.024855,4.2237
0.024862,4.2237
0.02487,4.2237
0.024877,4.2237
0.024884,4.2237
0.024891,4.2237
0.024899,4.2237
0.024906,4.3225
0.024913,4.3225
0.02492,4.3061
0.024928,4.3225
0.024935,4.3225
0.024942,4.3225
0.024949,4.3225
0.024957,4.3225
0.024964,4.3225
0.024971,4.3225
0.024978,4.3225
0.024986,4.3225
0.024993,4.3225
0.025,4.3225
0.025007,4.3225
0.025014,4.3225
0.025022,4.3225
0.025029,4.3225
0.025036,4.3225
0.025043,4.3225
0.025051,4.3225
0.025058,4.3225
0.025065,4.3225
0.025072,4.3225
0.02508,4.3225
0.025087,4.3225
0.025094,4.3225
0.025101,4.3225
0.025109,4.3225
0.025116,4.3225
0.025123,4.3225
0.02513,4.4213
0.025138,4.3225
0.025145,4.4213
0.025152,4.3225
0.025159,4.4213
0.025167,4.4213
0.025174,4.4213
0.025181,4.4213
0.025188,4.4213
0.025196,4.4213
0.025203,4.4213
0.02521,4.4213
0.025217,4.4213
0.025225,4.4213
0.025232,4.4213
0.025239,4.4213
0.025246,4.4213
0.025254,4.4213
0.025261,4.4213
0.025268,4.4213
0.025275,4.4213
0.025283,4.5201
0.02529,4.4213
0.025297,4.4213
0.025304,4.5201
0.025312,4.4213
0.025319,4.4213
0.025326,4.4213
0.025333,4.4213
0.025341,4.5201
0.025348,4.5201
0.025355,4.5201
0.025362,4.5201
0.02537,4.5201
0.025377,4.5201
0.025384,4.5201
0.025391,4.5201
0.025399,4.5201
0.025406,4.5201
0.025413,4.5201
0.02542,4.5201
0.025428,4.5201
0.025435,4.5201
0.025442,4.5201
0.025449,4.5201
0.025457,4.5201
0.025464,4.5201
0.025471,4.5201
0.025478,4.5201
0.025486,4.5201
0.025493,4.5201
0.0255,4.5201
0.025507,4.5201
0.025514,4.6188
0.025522,4.5201
0.025529,4.5201
0.025536,4.5201
0.025543,4.5201
0.025551,4.6188
0.025558,4.6188
0.025565,4.6188
0.025572,4.6188
0.02558,4.6188
0.025587,4.6188
0.025594,4.5201
0.025601,4.6188
0.025609,4.6188
0.025616,4.6188
0.025623,4.6188
0.02563,4.6188
0.025638,4.6188
0.025645,4.6188
0.025652,4.6188
0.025659,4.6188
0.025667,4.6188
0.025674,4.6188
0.025681,4.6188
0.025688,4.6188
0.025696,4.6188
0.025703,4.6188
0.02571,4.6188
0.025717,4.6188
0.025725,4.6188
0.025732,4.6188
0.025739,4.6188
0.025746,4.6188
0.025754,4.6188
0.025761,4.6188
0.025768,4.6188
0.025775,4.6188
0.025783,4.6188
0.02579,4.6188
0.025797,4.6188
0.025804,4.6188
0.025812,4.6188
0.025819,4.7174
0.025826,4.6188
0.025833,4.7174
0.025841,4.7174
0.025848,4.6188
0.025855,4.6188
0.025862,4.7174
0.02587,4.6188
0.025877,4.7174
0.025884,4.7174
0.025891,4.7174
0.025899,4.7174
0.025906,4.7174
0.025913,4.7174
0.02592,4.7174
0.025928,4.7174
0.025935,4.7174
0.025942,4.7174
0.025949,4.7174
0.025957,4.7174
0.025964,4.7174
0.025971,4.7174
0.025978,4.7174
0.025986,4.7174
0.025993,4.7174
0.026,4.7174
0.026007,4.7174
0.026014,4.7174
0.026022,4.7174
0.026029,4.7174
0.026036,4.7174
0.026043,4.7174
0.026051,4.7174
0.026058,4.7174
0.026065,4.7174
0.026072,4.7174
0.02608,4.7174
0.026087,4.7174
0.026094,4.816
0.026101,4.7174
0.026109,4.816
0.026116,4.7174
0.026123,4.816
0.02613,4.816
0.026138,4.816
0.026145,4.816
0.026152,4.816
0.026159,4.816
0.026167,4.816
0.026174,4.816
0.026181,4.816
0.026188,4.816
0.026196,4.816
0.026203,4.816
0.02621,4.816
0.026217,4.816
0.026225,4.816
0.026232,4.816
0.026239,4.816
0.026246,4.816
0.026254,4.816
0.026261,4.816
0.026268,4.816
0.026275,4.816
0.026283,4.816
0.02629,4.816
0.026297,4.816
0.026304,4.816
0.026312,4.816
0.026319,4.816
0.026326,4.816
0.026333,4.816
0.026341,4.816
0.026348,4.9142
0.026355,4.9142
0.026362,4.816
0.02637,4.9142
0.026377,4.9142
0.026384,4.816
0.026391,4.816
0.026399,4.9142
0.026406,4.9142
0.026413,4.9142
0.02642,4.9142
0.026428,4.816
0.026435,4.9142
0.026442,4.9142
0.026449,4.9142
0.026457,4.9142
0.026464,4.9142
0.026471,4.9142
0.026478,4.9142
0.026486,4.9142
0.026493,4.9142
0.0265,4.9142
0.026507,4.9142
0.026514,4.9142
0.026522,4.9142
0.026529,4.9142
0.026536,4.9142
0.026543,4.9142
0.026551,4.9142
0.026558,4.9142
0.026565,4.9142
0.026572,5.0132
0.02658,4.9142
0.026587,5.0132
0.026594,5.0132
0.026601,5.0132
0.026609,5.0302
0.026616,5.0132
0.026623,5.0132
0.02663,5.0132
0.026638,5.0132
0.026645,5.0132
0.026652,5.0132
0.026659,5.0132
0.026667,5.0132
0.026674,5.0132
0.026681,5.0132
0.026688,5.1292
0.026696,5.0132
0.026703,5.1112
0.02671,5.1292
0.026717,5.0132
0.026725,5.1112
0.026732,5.1112
0.026739,5.1112
0.026746,5.1112
0.026754,5.1292
0.026761,5.1112
0.026768,5.1112
0.026775,5.1112
0.026783,5.1112
0.02679,5.1112
0.026797,5.1112
0.026804,5.1112
0.026812,5.1112
0.026819,5.1112
0.026826,5.1112
0.026833,5.1112
0.026841,5.1292
0.026848,5.2102
0.026855,5.1292
0.026862,5.1112
0.02687,5.2282
0.026877,5.1292
0.026884,5.2102
0.026891,5.2282
0.026899,5.2282
0.026906,5.2282
0.026913,5.2282
0.02692,5.2102
0.026928,5.2102
0.026935,5.2102
0.026942,5.2282
0.026949,5.2282
0.026957,5.2282
0.026964,5.2102
0.026971,5.2282
0.026978,5.2282
0.026986,5.2282
0.026993,5.2102
0.027,5.2102
0.027007,5.2282
0.027014,5.2282
0.027022,5.2102
0.027029,5.2102
0.027036,5.3262
0.027043,5.2102
0.027051,5.2282
0.027058,5.2282
0.027065,5.2282
0.027072,5.3082
0.02708,5.2282
0.027087,5.2282
0.027094,5.3262
0.027101,5.3262
0.027109,5.3262
0.027116,5.3082
0.027123,5.3262
0.02713,5.3262
0.027138,5.3262
0.027145,5.3082
0.027152,5.3262
0.027159,5.3262
0.027167,5.3262
0.027174,5.3262
0.027181,5.3262
0.027188,5.3262
0.027196,5.3082
0.027203,5.3262
0.02721,5.3262
0.027217,5.3262
0.027225,5.3262
0.027232,5.3262
0.027239,5.3262
0.027246,5.3262
0.027254,5.3262
0.027261,5.3262
0.027268,5.3262
0.027275,5.4242
0.027283,5.4242
0.02729,5.4242
0.027297,5.3262
0.027304,5.4242
0.027312,5.3262
0.027319,5.4242
0.027326,5.3262
0.027333,5.4242
0.027341,5.4242
0.027348,5.4242
0.027355,5.4242
0.027362,5.4242
0.02737,5.4242
0.027377,5.4242
0.027384,5.4242
0.027391,5.4242
0.027399,5.4242
0.027406,5.4242
0.027413,5.4242
0.02742,5.4242
0.027428,5.4242
0.027435,5.4242
0.027442,5.4242
0.027449,5.4242
0.027457,5.4242
0.027464,5.4242
0.027471,5.4242
0.027478,5.4242
0.027486,5.4242
0.027493,5.4242
0.0275,5.4242
0.027507,5.5232
0.027514,5.4242
0.027522,5.5232
0.027529,5.4242
0.027536,5.4242
0.027543,5.4242
0.027551,5.5232
0.027558,5.4242
0.027565,5.4242
0.027572,5.5232
0.02758,5.5232
0.027587,5.5232
0.027594,5.5232
0.027601,5.5232
0.027609,5.5232
0.027616,5.5232
0.027623,5.5232
0.02763,5.5232
0.027638,5.5232
0.027645,5.5232
0.027652,5.5232
0.027659,5.5232
0.027667,5.5232
0.027674,5.5232
0.027681,5.5232
0.027688,5.5232
0.027696,5.5232
0.027703,5.5232
0.02771,5.5232
0.027717,5.5232
0.027725,5.6212
0.027732,5.6212
0.027739,5.6212
0.027746,5.6212
0.027754,5.6212
0.027761,5.6212
0.027768,5.6212
0.027775,5.6212
0.027783,5.6212
0.02779,5.6212
0.027797,5.6212
0.027804,5.6212
0.027812,5.6212
0.027819,5.6212
0.027826,5.6212
0.027833,5.6212
0.027841,5.6212
0.027848,5.6212
0.027855,5.7192
0.027862,5.7192
0.02787,5.7192
0.027877,5.7192
0.027884,5.7192
0.027891,5.7192
0.027899,5.7192
0.027906,5.7192
0.027913,5.7192
0.02792,5.7192
0.027928,5.7192
0.027935,5.7192
0.027942,5.7192
0.027949,5.7192
0.027957,5.7192
0.027964,5.8172
0.027971,5.7192
0.027978,5.7192
0.027986,5.8172
0.027993,5.8172
0.028,5.8172
0.028007,5.8172
0.028014,5.8172
0.028022,5.8362
0.028029,5.8172
0.028036,5.8172
0.028043,5.8172
0.028051,5.8172
0.028058,5.8172
0.028065,5.8362
0.028072,5.8172
0.02808,5.8172
0.028087,5.8172
0.028094,5.8172
0.028101,5.9152
0.028109,5.8172
0.028116,5.8172
0.028123,5.9342
0.02813,5.9342
0.028138,5.9152
0.028145,5.9152
0.028152,5.9152
0.028159,5.9152
0.028167,5.9152
0.028174,5.9342
0.028181,5.9342
0.028188,5.9152
0.028196,5.9152
0.028203,5.9152
0.02821,5.9152
0.028217,5.9342
0.028225,5.9152
0.028232,5.9342
0.028239,5.9342
0.028246,5.9152
0.028254,5.9152
0.028261,5.9342
0.028268,5.9342
0.028275,5.9152
0.028283,5.9152
0.02829,5.9342
0.028297,5.9342
0.028304,5.9342
0.028312,5.9152
0.028319,5.9342
0.028326,5.9342
0.028333,5.9342
0.028341,5.9342
0.028348,5.9342
0.028355,5.9342
0.028362,5.9342
0.02837,5.9342
0.028377,5.9342
0.028384,5.9342
0.028391,5.9342
0.028399,5.9342
0.028406,6.0332
0.028413,5.9342
0.02842,5.9342
0.028428,5.9342
0.028435,6.0332
0.028442,6.0332
0.028449,6.0332
0.028457,6.0332
0.028464,6.0332
0.028471,6.0332
0.028478,6.0332
0.028486,6.0132
0.028493,6.0332
0.0285,6.0332
0.028507,6.0332
0.028514,6.0332
0.028522,6.0332
0.028529,6.0332
0.028536,6.0332
0.028543,6.0332
0.028551,6.1312
0.028558,6.0332
0.028565,6.1312
0.028572,6.1312
0.02858,6.1312
0.028587,6.1312
0.028594,6.1312
0.028601,6.1312
0.028609,6.1312
0.028616,6.1312
0.028623,6.1312
0.02863,6.1312
0.028638,6.1312
0.028645,6.1312
0.028652,6.1312
0.028659,6.1312
0.028667,6.1312
0.028674,6.1312
0.028681,6.1312
0.028688,6.1312
0.028696,6.1312
0.028703,6.1312
0.02871,6.2292
0.028717,6.2292
0.028725,6.1312
0.028732,6.2292
0.028739,6.2292
0.028746,6.2292
0.028754,6.2292
0.028761,6.2292
0.028768,6.2292
0.028775,6.2292
0.028783,6.2292
0.02879,6.2292
0.028797,6.2292
0.028804,6.2292
0.028812,6.2292
0.028819,6.2292
0.028826,6.2292
0.028833,6.2292
0.028841,6.3272
0.028848,6.2292
0.028855,6.3272
0.028862,6.3272
0.02887,6.3272
0.028877,6.3272
0.028884,6.3272
0.028891,6.3272
0.028899,6.3272
0.028906,6.3272
0.028913,6.3272
0.02892,6.3272
0.028928,6.3272
0.028935,6.3272
0.028942,6.3272
0.028949,6.3272
0.028957,6.4252
0.028964,6.3272
0.028971,6.3272
0.028978,6.4252
0.028986,6.3272
0.028993,6.4252
0.029,6.4252
0.029007,6.4252
0.029014,6.4252
0.029022,6.3272
0.029029,6.4252
0.029036,6.4252
0.029043,6.4252
0.029051,6.4252
0.029058,6.4252
0.029065,6.4252
0.029072,6.4252
0.02908,6.4252
0.029087,6.4252
0.029094,6.4252
0.029101,6.4252
0.029109,6.4252
0.029116,6.5222
0.029123,6.5222
0.02913,6.5222
0.029138,6.5222
0.029145,6.5222
0.029152,6.5222
0.029159,6.5222
0.029167,6.5222
0.029174,6.5222
0.029181,6.5222
0.029188,6.5222
0.029196,6.5222
0.029203,6.5222
0.02921,6.5222
0.029217,6.5222
0.029225,6.5222
0.029232,6.5222
0.029239,6.5222
0.029246,6.5222
0.029254,6.5222
0.029261,6.5222
0.029268,6.5222
0.029275,6.6202
0.029283,6.6202
0.02929,6.6202
0.029297,6.6202
0.029304,6.6412
0.029312,6.6202
0.029319,6.6202
0.029326,6.6202
0.029333,6.6202
0.029341,6.6202
0.029348,6.6202
0.029355,6.6202
0.029362,6.6202
0.02937,6.6412
0.029377,6.6202
0.029384,6.6202
0.029391,6.6202
0.029399,6.6202
0.029406,6.6202
0.029413,6.7182
0.02942,6.7382
0.029428,6.7182
0.029435,6.7182
0.029442,6.7182
0.029449,6.7182
0.029457,6.7382
0.029464,6.7182
0.029471,6.7382
0.029478,6.7382
0.029486,6.7382
0.029493,6.7382
0.0295,6.7382
0.029507,6.7182
0.029514,6.7382
0.029522,6.8362
0.029529,6.8362
0.029536,6.8362
0.029543,6.8362
0.029551,6.8362
0.029558,6.8362
0.029565,6.8362
0.029572,6.8362
0.02958,6.8362
0.029587,6.8362
0.029594,6.8362
0.029601,6.8362
0.029609,6.8362
0.029616,6.9342
0.029623,6.9342
0.02963,6.9342
0.029638,6.9342
0.029645,6.9342
0.029652,6.9342
0.029659,6.9342
0.029667,6.9342
0.029674,6.9342
0.029681,6.9342
0.029688,6.9342
0.029696,6.9342
0.029703,6.9342
0.02971,6.9342
0.029717,6.9342
0.029725,7.0312
0.029732,6.9342
0.029739,7.0312
0.029746,7.0312
0.029754,7.0312
0.029761,7.0312
0.029768,7.0312
0.029775,7.0312
0.029783,7.0312
0.02979,7.0312
0.029797,7.0312
0.029804,7.0312
0.029812,7.0312
0.029819,7.0312
0.029826,7.0312
0.029833,7.0312
0.029841,7.0312
0.029848,7.0312
0.029855,7.0312
0.029862,7.1292
0.02987,7.1502
0.029877,7.1292
0.029884,7.1292
0.029891,7.1292
0.029899,7.1292
0.029906,7.1292
0.029913,7.1292
0.02992,7.1292
0.029928,7.1292
0.029935,7.1292
0.029942,7.1502
0.029949,7.1502
0.029957,7.1502
0.029964,7.1502
0.029971,7.1502
0.029978,7.2482
0.029986,7.2482
0.029993,7.2482
0.03,7.2482
0.030007,7.2262
0.030014,7.2482
0.030022,7.2482
0.030029,7.2262
0.030036,7.2262
0.030043,7.2262
0.030051,7.2262
0.030058,7.2262
0.030065,7.2262
0.030072,7.2482
0.03008,7.2262
0.030087,7.3452
0.030094,7.3452
0.030101,7.3452
0.030109,7.3452
0.030116,7.3452
0.030123,7.3452
0.03013,7.3242
0.030138,7.3452
0.030145,7.3452
0.030152,7.3452
0.030159,7.3452
0.030167,7.3452
0.030174,7.3452
0.030181,7.3452
0.030188,7.3452
0.030196,7.3452
0.030203,7.3452
0.03021,7.3452
0.030217,7.3452
0.030225,7.4432
0.030232,7.4432
0.030239,7.4432
0.030246,7.4432
0.030254,7.4432
0.030261,7.4432
0.030268,7.4432
0.030275,7.4432
0.030283,7.4432
0.03029,7.4432
0.030297,7.4432
0.030304,7.4432
0.030312,7.4432
0.030319,7.4432
0.030326,7.4432
0.030333,7.5402
0.030341,7.5402
0.030348,7.4432
0.030355,7.5402
0.030362,7.5402
0.03037,7.5402
0.030377,7.5402
0.030384,7.5402
0.030391,7.5402
0.030399,7.5402
0.030406,7.5402
0.030413,7.5402
0.03042,7.5402
0.030428,7.5402
0.030435,7.5402
0.030442,7.5402
0.030449,7.5402
0.030457,7.5402
0.030464,7.6382
0.030471,7.5402
0.030478,7.6382
0.030486,7.6382
0.030493,7.6382
0.0305,7.6382
0.030507,7.6382
0.030514,7.6382
0.030522,7.6382
0.030529,7.6382
0.030536,7.6382
0.030543,7.6382
0.030551,7.6382
0.030558,7.6382
0.030565,7.6382
0.030572,7.6382
0.03058,7.6382
0.030587,7.6382
0.030594,7.7352
0.030601,7.6382
0.030609,7.7352
0.030616,7.6382
0.030623,7.7352
0.03063,7.7352
0.030638,7.7352
0.030645,7.7352
0.030652,7.7352
0.030659,7.7352
0.030667,7.7352
0.030674,7.7352
0.030681,7.7352
0.030688,7.7352
0.030696,7.7352
0.030703,7.8552
0.03071,7.8552
0.030717,7.8322
0.030725,7.8552
0.030732,7.8322
0.030739,7.8552
0.030746,7.8322
0.030754,7.8322
0.030761,7.8322
0.030768,7.8322
0.030775,7.8322
0.030783,7.8322
0.03079,7.8322
0.030797,7.9292
0.030804,7.9292
0.030812,7.9522
0.030819,7.9522
0.030826,7.9522
0.030833,7.9522
0.030841,7.9522
0.030848,8.0492
0.030855,7.9522
0.030862,7.9522
0.03087,8.0492
0.030877,8.0492
0.030884,8.0492
0.030891,8.0492
0.030899,8.0492
0.030906,8.0492
0.030913,8.0492
0.03092,8.0492
0.030928,8.1462
0.030935,8.1462
0.030942,8.1462
0.030949,8.1462
0.030957,8.1462
0.030964,8.1462
0.030971,8.1462
0.030978,8.1462
0.030986,8.1462
0.030993,8.1462
0.031,8.2432
0.031007,8.1462
0.031014,8.2432
0.031022,8.2432
0.031029,8.2662
0.031036,8.2432
0.031043,8.2432
0.031051,8.2432
0.031058,8.2432
0.031065,8.2432
0.031072,8.2432
0.03108,8.2432
0.031087,8.2432
0.031094,8.2432
0.031101,8.2432
0.031109,8.2432
0.031116,8.3402
0.031123,8.3402
0.03113,8.3402
0.031138,8.3402
0.031145,8.3642
0.031152,8.3642
0.031159,8.3402
0.031167,8.3402
0.031174,8.3642
0.031181,8.3402
0.031188,8.3642
0.031196,8.3402
0.031203,8.3642
0.03121,8.3642
0.031217,8.3642
0.031225,8.3642
0.031232,8.4612
0.031239,8.4612
0.031246,8.4612
0.031254,8.4612
0.031261,8.4372
0.031268,8.4612
0.031275,8.4612
0.031283,8.4612
0.03129,8.4612
0.031297,8.4612
0.031304,8.4612
0.031312,8.4612
0.031319,8.4612
0.031326,8.4612
0.031333,8.4612
0.031341,8.4612
0.031348,8.5582
0.031355,8.5582
0.031362,8.5582
0.03137,8.5582
0.031377,8.5582
0.031384,8.5582
0.031391,8.5582
0.031399,8.5582
0.031406,8.5582
0.031413,8.5582
0.03142,8.5582
0.031428,8.5582
0.031435,8.5582
0.031442,8.5582
0.031449,8.5582
0.031457,8.5582
0.031464,8.5582
0.031471,8.6542
0.031478,8.6542
0.031486,8.6542
0.031493,8.6542
0.0315,8.6542
0.031507,8.6542
0.031514,8.6542
0.031522,8.6542
0.031529,8.6542
0.031536,8.7512
0.031543,8.7512
0.031551,8.6782
0.031558,8.7512
0.031565,8.7512
0.031572,8.7512
0.03158,8.7512
0.031587,8.7512
0.031594,8.7512
0.031601,8.7752
0.031609,8.8722
0.031616,8.7752
0.031623,8.8482
0.03163,8.8482
0.031638,8.8482
0.031645,8.8482
0.031652,8.8722
0.031659,8.8722
0.031667,8.8722
0.031674,8.8722
0.031681,8.9692
0.031688,8.9692
0.031696,8.9692
0.031703,8.9692
0.03171,8.9692
0.031717,8.9692
0.031725,8.9452
0.031732,8.9692
0.031739,9.0662
0.031746,9.0662
0.031754,9.0662
0.031761,9.0662
0.031768,9.0662
0.031775,9.0662
0.031783,9.0662
0.03179,9.0662
0.031797,9.0662
0.031804,9.0662
0.031812,9.1622
0.031819,9.1622
0.031826,9.1622
0.031833,9.1622
0.031841,9.1622
0.031848,9.1622
0.031855,9.1622
0.031862,9.1622
0.03187,9.1622
0.031877,9.2592
0.031884,9.2592
0.031891,9.2592
0.031899,9.2592
0.031906,9.2842
0.031913,9.2592
0.03192,9.2592
0.031928,9.2592
0.031935,9.3552
0.031942,9.3552
0.031949,9.3802
0.031957,9.3802
0.031964,9.3552
0.031971,9.3802
0.031978,9.3802
0.031986,9.3802
0.031993,9.3802
0.032,9.4772
0.032007,9.4772
0.032014,9.4772
0.032022,9.4772
0.032029,9.4772
0.032036,9.4772
0.032043,9.4772
0.032051,9.4772
0.032058,9.4772
0.032065,9.4772
0.032072,9.5732
0.03208,9.5732
0.032087,9.5732
0.032094,9.5732
0.032101,9.5732
0.032109,9.5732
0.032116,9.5732
0.032123,9.5732
0.03213,9.5732
0.032138,9.6692
0.032145,9.6692
0.032152,9.6692
0.032159,9.6692
0.032167,9.6692
0.032174,9.6692
0.032181,9.6692
0.032188,9.6692
0.032196,9.6692
0.032203,9.6952
0.03221,9.7912
0.032217,9.7912
0.032225,9.7662
0.032232,9.7662
0.032239,9.7912
0.032246,9.7662
0.032254,9.7912
0.032261,9.7662
0.032268,9.7912
0.032275,9.7912
0.032283,9.7912
0.03229,9.7912
0.032297,9.8622
0.032304,9.8882
0.032312,9.8882
0.032319,9.8882
0.032326,9.8882
0.032333,9.8882
0.032341,9.8882
0.032348,9.8882
0.032355,9.9842
0.032362,9.9842
0.03237,9.9842
0.032377,9.9842
0.032384,9.9842
0.032391,9.9842
0.032399,9.9842
0.032406,9.9842
0.032413,9.9842
0.03242,9.9842
0.032428,10.0802
0.032435,10.0802
0.032442,10.0802
0.032449,10.0802
0.032457,10.0802
0.032464,10.0802
0.032471,10.0802
0.032478,10.0802
0.032486,10.0802
0.032493,10.0802
0.0325,10.1762
0.032507,10.1762
0.032514,10.1762
0.032522,10.1762
0.032529,10.1762
0.032536,10.1762
0.032543,10.1762
0.032551,10.1762
0.032558,10.2722
0.032565,10.2722
0.032572,10.2992
0.03258,10.2992
0.032587,10.2992
0.032594,10.2992
0.032601,10.2992
0.032609,10.2722
0.032616,10.2992
0.032623,10.2992
0.03263,10.2992
0.032638,10.2992
0.032645,10.2992
0.032652,10.3952
0.032659,10.3952
0.032667,10.3952
0.032674,10.3952
0.032681,10.3952
0.032688,10.3952
0.032696,10.3952
0.032703,10.3952
0.03271,10.3952
0.032717,10.3952
0.032725,10.3952
0.032732,10.3952
0.032739,10.4912
0.032746,10.4912
0.032754,10.4912
0.032761,10.4912
0.032768,10.4912
0.032775,10.4912
0.032783,10.4912
0.03279,10.5182
0.032797,10.5872
0.032804,10.5872
0.032812,10.6142
0.032819,10.7102
0.032826,10.7102
0.032833,10.7102
0.032841,10.7102
0.032848,10.7102
0.032855,10.8052
0.032862,10.8052
0.03287,10.8052
0.032877,10.8332
0.032884,10.8052
0.032891,10.9012
0.032899,10.9012
0.032906,10.9012
0.032913,10.9012
0.03292,11.0242
0.032928,11.0242
0.032935,11.0242
0.032942,11.0242
0.032949,11.0242
0.032957,11.0242
0.032964,11.1202
0.032971,11.1202
0.032978,11.1202
0.032986,11.1202
0.032993,11.1202
0.033,11.1202
0.033007,11.1202
0.033014,11.2162
0.033022,11.2162
0.033029,11.2162
0.033036,11.2162
0.033043,11.2162
0.033051,11.2442
0.033058,11.2442
0.033065,11.3112
0.033072,11.3402
0.03308,11.3402
0.033087,11.3402
0.033094,11.3402
0.033101,11.3402
0.033109,11.3402
0.033116,11.3402
0.033123,11.3402
0.03313,11.4352
0.033138,11.4352
0.033145,11.4352
0.033152,11.4352
0.033159,11.4352
0.033167,11.4352
0.033174,11.4352
0.033181,11.4352
0.033188,11.4642
0.033196,11.5592
0.033203,11.5592
0.03321,11.5592
0.033217,11.5592
0.033225,11.5592
0.033232,11.5592
0.033239,11.5592
0.033246,11.5592
0.033254,11.5592
0.033261,11.5592
0.033268,11.6552
0.033275,11.6552
0.033283,11.6552
0.03329,11.6552
0.033297,11.6552
0.033304,11.6552
0.033312,11.6552
0.033319,11.6552
0.033326,11.6552
0.033333,11.7502
0.033341,11.7502
0.033348,11.7502
0.033355,11.7502
0.033362,11.7502
0.03337,11.8462
0.033377,11.8462
0.033384,11.8462
0.033391,11.8462
0.033399,11.8752
0.033406,11.8462
0.033413,11.8462
0.03342,11.9702
0.033428,11.9412
0.033435,11.9702
0.033442,11.9412
0.033449,11.9412
0.033457,12.0362
0.033464,11.9702
0.033471,12.0652
0.033478,12.0652
0.033486,12.0652
0.033493,12.0652
0.0335,12.0652
0.033507,12.0652
0.033514,12.1612
0.033522,12.1612
0.033529,12.1612
0.033536,12.2562
0.033543,12.2562
0.033551,12.2562
0.033558,12.2562
0.033565,12.2562
0.033572,12.3512
0.03358,12.3512
0.033587,12.3812
0.033594,12.3812
0.033601,12.3812
0.033609,12.4762
0.033616,12.4762
0.033623,12.4762
0.03363,12.4762
0.033638,12.4762
0.033645,12.5712
0.033652,12.5712
0.033659,12.5712
0.033667,12.5712
0.033674,12.6652
0.033681,12.6652
0.033688,12.6962
0.033696,12.6962
0.033703,12.7912
0.03371,12.7912
0.033717,12.7912
0.033725,12.7912
0.033732,12.7912
0.033739,12.7912
0.033746,12.7912
0.033754,12.8852
0.033761,12.8852
0.033768,12.9162
0.033775,12.9802
0.033783,13.0112
0.03379,13.0112
0.033797,12.9802
0.033804,13.1062
0.033812,13.1062
0.033819,13.1062
0.033826,13.1062
0.033833,13.1062
0.033841,13.2002
0.033848,13.2002
0.033855,13.2002
0.033862,13.2002
0.03387,13.2002
0.033877,13.2952
0.033884,13.3262
0.033891,13.3262
0.033899,13.3262
0.033906,13.3262
0.033913,13.4212
0.03392,13.4212
0.033928,13.4212
0.033935,13.5152
0.033942,13.5152
0.033949,13.5152
0.033957,13.5472
0.033964,13.5472
0.033971,13.5472
0.033978,13.5472
0.033986,13.6422
0.033993,13.6422
0.034,13.6422
0.034007,13.7362
0.034014,13.7362
0.034022,13.7362
0.034029,13.7362
0.034036,13.7362
0.034043,13.8302
0.034051,13.8302
0.034058,13.8302
0.034065,13.8302
0.034072,13.9252
0.03408,13.8302
0.034087,13.9252
0.034094,13.9252
0.034101,13.9572
0.034109,13.9572
0.034116,14.0512
0.034123,14.0512
0.03413,14.0512
0.034138,14.0512
0.034145,14.0512
0.034152,14.1452
0.034159,14.1452
0.034167,14.1452
0.034174,14.2392
0.034181,14.1452
0.034188,14.2392
0.034196,14.2722
0.034203,14.2392
0.03421,14.3332
0.034217,14.3662
0.034225,14.3662
0.034232,14.3662
0.034239,14.3662
0.034246,14.3662
0.034254,14.4602
0.034261,14.4602
0.034268,14.4602
0.034275,14.4602
0.034283,14.5542
0.03429,14.4602
0.034297,14.5542
0.034304,14.5542
0.034312,14.6812
0.034319,14.6812
0.034326,14.6812
0.034333,14.6812
0.034341,14.7752
0.034348,14.7752
0.034355,14.8692
0.034362,14.8692
0.03437,14.9032
0.034377,14.9962
0.034384,14.9962
0.034391,14.9962
0.034399,15.0902
0.034406,15.0902
0.034413,15.0902
0.03442,15.1832
0.034428,15.2182
0.034435,15.2182
0.034442,15.3112
0.034449,15.3112
0.034457,15.3112
0.034464,15.4042
0.034471,15.4042
0.034478,15.5332
0.034486,15.5332
0.034493,15.5332
0.0345,15.6262
0.034507,15.6262
0.034514,15.6262
0.034522,15.6262
0.034529,15.7542
0.034536,15.7542
0.034543,15.7542
0.034551,15.8472
0.034558,15.8472
0.034565,15.8472
0.034572,15.9402
0.03458,15.9762
0.034587,15.9762
0.034594,16.0692
0.034601,16.0692
0.034609,16.0692
0.034616,16.1622
0.034623,16.1622
0.03463,16.2912
0.034638,16.2912
0.034645,16.2912
0.034652,16.3842
0.034659,16.3842
0.034667,16.3842
0.034674,16.5132
0.034681,16.5132
0.034688,16.5132
0.034696,16.6062
0.034703,16.6062
0.03471,16.6982
0.034717,16.6982
0.034725,16.6982
0.034732,16.7912
0.034739,16.8282
0.034746,16.8282
0.034754,16.9202
0.034761,16.9202
0.034768,16.9202
0.034775,17.0132
0.034783,17.0502
0.03479,17.1432
0.034797,17.0502
0.034804,17.1432
0.034812,17.2352
0.034819,17.2352
0.034826,17.2352
0.034833,17.3652
0.034841,17.3652
0.034848,17.3652
0.034855,17.4572
0.034862,17.4572
0.03487,17.4572
0.034877,17.5872
0.034884,17.5872
0.034891,17.5872
0.034899,17.7182
0.034906,17.8102
0.034913,17.9022
0.03492,17.9022
0.034928,18.0322
0.034935,18.1242
0.034942,18.2552
0.034949,18.3472
0.034957,18.4782
0.034964,18.4782
0.034971,18.5692
0.034978,18.7012
0.034986,18.7922
0.034993,18.7922
0.035,18.9242
0.035007,18.9242
0.035014,19.0152
0.035022,19.0562
0.035029,19.1472
0.035036,19.1472
0.035043,19.2382
0.035051,19.2792
0.035058,19.3702
0.035065,19.3702
0.035072,19.4612
0.03508,19.5022
0.035087,19.5932
0.035094,19.6842
0.035101,19.6842
0.035109,19.8172
0.035116,19.8172
0.035123,19.9492
0.03513,19.9072
0.035138,19.9492
0.035145,20.0402
0.035152,20.1302
0.035159,20.1732
0.035167,20.2632
0.035174,20.2632
0.035181,20.3962
0.035188,20.3962
0.035196,20.4872
0.035203,20.4872
0.03521,20.6202
0.035217,20.6202
0.035225,20.7102
0.035232,20.7542
0.035239,20.8442
0.035246,20.8442
0.035254,20.9332
0.035261,21.0672
0.035268,21.0672
0.035275,21.2012
0.035283,21.2012
0.03529,21.2012
0.035297,21.3352
0.035304,21.3352
0.035312,21.4252
0.035319,21.4252
0.035326,21.5592
0.035333,21.6492
0.035341,21.6942
0.035348,21.7832
0.035355,21.8732
0.035362,22.0072
0.03537,22.0072
0.035377,22.1422
0.035384,22.2312
0.035391,22.3662
0.035399,22.4552
0.035406,22.5022
0.035413,22.5912
0.03542,22.7262
0.035428,22.7262
0.035435,22.8622
0.035442,22.9502
0.035449,23.0862
0.035457,23.2222
0.035464,23.2222
0.035471,23.3102
0.035478,23.3982
0.035486,23.5352
0.035493,23.5832
0.0355,23.6712
0.035507,23.8072
0.035514,23.8072
0.035522,23.9442
0.035529,24.0812
0.035536,24.1682
0.035543,24.3052
0.035551,24.3052
0.035558,24.4432
0.035565,24.5802
0.035572,24.6672
0.03558,24.8052
0.035587,24.9422
0.035594,25.1672
0.035601,25.3052
0.035609,25.4432
0.035616,25.6682
0.035623,25.8062
0.03563,25.8932
0.035638,26.0312
0.035645,26.1702
0.035652,26.2562
0.035659,26.3952
0.035667,26.5342
0.035674,26.6732
0.035681,26.8122
0.035688,26.8122
0.035696,26.9512
0.035703,27.0912
0.03571,27.2302
0.035717,27.3162
0.035725,27.4552
0.035732,27.4552
0.035739,27.5952
0.035746,27.7352
0.035754,27.8752
0.035761,28.0162
0.035768,28.0712
0.035775,28.1562
0.035783,28.2972
0.03579,28.4372
0.035797,28.5222
0.035804,28.6632
0.035812,28.7192
0.035819,28.8042
0.035826,28.9452
0.035833,28.9452
0.035841,29.0862
0.035848,29.1702
0.035855,29.3692
0.035862,29.3692
0.03587,29.5102
0.035877,29.6522
0.035884,29.7352
0.035891,29.7942
0.035899,29.9362
0.035906,30.0192
0.035913,30.0782
0.03592,30.1612
0.035928,30.3032
0.035935,30.3862
0.035942,30.5052
0.035949,30.5872
0.035957,30.7302
0.035964,30.7902
0.035971,30.9322
0.035978,31.0152
0.035986,31.0152
0.035993,31.1582
0.036,31.3012
0.036007,31.3612
0.036014,31.4442
0.036022,31.5872
0.036029,31.6482
0.036036,31.7302
0.036043,31.8732
0.036051,31.9352
0.036058,32.0172
0.036065,32.1602
0.036072,32.2222
0.03608,32.3042
0.036087,32.3662
0.036094,32.4472
0.036101,32.5102
0.036109,32.6542
0.036116,32.7352
0.036123,32.7982
0.03613,32.8792
0.036138,32.9422
0.036145,33.0862
0.036152,33.1672
0.036159,33.2312
0.036167,33.3752
0.036174,33.3752
0.036181,33.5202
0.036188,33.5202
0.036196,33.6642
0.036203,33.7292
0.03621,33.8742
0.036217,33.8742
0.036225,34.0192
0.036232,34.1642
0.036239,34.1642
0.036246,34.3092
0.036254,34.3092
0.036261,34.4542
0.036268,34.5202
0.036275,34.6002
0.036283,34.6002
0.03629,34.8112
0.036297,34.8112
0.036304,34.8902
0.036312,34.9572
0.036319,35.0362
0.036326,35.1022
0.036333,35.2482
0.036341,35.2482
0.036348,35.3272
0.036355,35.3942
0.036362,35.5402
0.03637,35.6072
0.036377,35.6862
0.036384,35.6862
0.036391,35.8212
0.036399,35.9002
0.036406,36.0462
0.036413,36.0462
0.03642,36.1142
0.036428,36.1922
0.036435,36.1922
0.036442,36.3392
0.036449,36.4072
0.036457,36.4852
0.036464,36.5542
0.036471,36.7012
0.036478,36.7012
0.036486,36.7702
0.036493,36.8472
0.0365,36.9172
0.036507,36.9942
0.036514,37.0642
0.036522,37.0642
0.036529,37.2112
0.036536,37.2112
0.036543,37.3582
0.036551,37.3582
0.036558,37.4282
0.036565,37.5052
0.036572,37.5752
0.03658,37.7232
0.036587,37.7232
0.036594,37.7942
0.036601,37.8702
0.036609,37.9412
0.036616,38.0172
0.036623,38.0892
0.03663,38.0892
0.036638,38.0892
0.036645,38.1642
0.036652,38.2362
0.036659,38.3122
0.036667,38.3842
0.036674,38.3842
0.036681,38.4562
0.036688,38.5312
0.036696,38.5312
0.036703,38.6032
0.03671,38.7512
0.036717,38.7512
0.036725,38.7512
0.036732,38.8992
0.036739,38.8992
0.036746,38.9722
0.036754,38.9722
0.036761,38.9722
0.036768,39.1202
0.036775,39.1202
0.036783,39.1952
0.03679,39.2682
0.036797,39.2682
0.036804,39.2682
0.036812,39.3412
0.036819,39.4162
0.036826,39.4892
0.036833,39.4892
0.036841,39.4892
0.036848,39.5632
0.036855,39.6382
0.036862,39.6382
0.03687,39.7122
0.036877,39.7862
0.036884,39.8602
0.036891,39.8602
0.036899,40.0082
0.036906,40.0082
0.036913,40.1572
0.03692,40.2322
0.036928,40.2322
0.036935,40.3802
0.036942,40.3802
0.036949,40.4552
0.036957,40.5292
0.036964,40.6042
0.036971,40.6772
0.036978,40.7532
0.036986,40.8282
0.036993,40.9022
0.037,40.9022
0.037007,40.9772
0.037014,41.1262
0.037022,41.1262
0.037029,41.2752
0.037036,41.3522
0.037043,41.3522
0.037051,41.5012
0.037058,41.5012
0.037065,41.5782
0.037072,41.6502
0.03708,41.7272
0.037087,41.8762
0.037094,41.8762
0.037101,41.8762
0.037109,41.9532
0.037116,42.1032
0.037123,42.1032
0.03713,42.1032
0.037138,42.1032
0.037145,42.2522
0.037152,42.3302
0.037159,42.4012
0.037167,42.3302
0.037174,42.4012
0.037181,42.4802
0.037188,42.4802
0.037196,42.4802
0.037203,42.5582
0.03721,42.5582
0.037217,42.6292
0.037225,42.6292
0.037232,42.6292
0.037239,42.7072
0.037246,42.7072
0.037254,42.7782
0.037261,42.7782
0.037268,42.8572
0.037275,42.8572
0.037283,42.8572
0.03729,42.8572
0.037297,42.8572
0.037304,42.9362
0.037312,42.9362
0.037319,43.0072
0.037326,43.0072
0.037333,43.0862
0.037341,43.2352
0.037348,43.2352
0.037355,43.2352
0.037362,43.2352
0.03737,43.3152
0.037377,43.3152
0.037384,43.4642
0.037391,43.4642
0.037399,43.6142
0.037406,43.6942
0.037413,43.6942
0.03742,43.8442
0.037428,43.9242
0.037435,44.0742
0.037442,44.0742
0.037449,44.1552
0.037457,44.2242
0.037464,44.3052
0.037471,44.3052
0.037478,44.4552
0.037486,44.4552
0.037493,44.5362
0.0375,44.5362
0.037507,44.6052
0.037514,44.6052
0.037522,44.6862
0.037529,44.6862
0.037536,44.7682
0.037543,44.7682
0.037551,44.8362
0.037558,44.9182
0.037565,44.9182
0.037572,44.9182
0.03758,45.0002
0.037587,45.0002
0.037594,45.0682
0.037601,45.1502
0.037609,45.1502
0.037616,45.1502
0.037623,45.1502
0.03763,45.2322
0.037638,45.3002
0.037645,45.3832
0.037652,45.3832
0.037659,45.3832
0.037667,45.3832
0.037674,45.4652
0.037681,45.4652
0.037688,45.4652
0.037696,45.5332
0.037703,45.6162
0.03771,45.6162
0.037717,45.6162
0.037725,45.6992
0.037732,45.7662
0.037739,45.7662
0.037746,45.8492
0.037754,45.8492
0.037761,45.8492
0.037768,45.9322
0.037775,45.9322
0.037783,46.0002
0.03779,46.0002
0.037797,46.0002
0.037804,46.0002
0.037812,46.1342
0.037819,46.1502
0.037826,46.1502
0.037833,46.2172
0.037841,46.2342
0.037848,46.3002
0.037855,46.3002
0.037862,46.3842
0.03787,46.3002
0.037877,46.3842
0.037884,46.3842
0.037891,46.3842
0.037899,46.5342
0.037906,46.5342
0.037913,46.5342
0.03792,46.5342
0.037928,46.5342
0.037935,46.6192
0.037942,46.6192
0.037949,46.6192
0.037957,46.7692
0.037964,46.7692
0.037971,46.8532
0.037978,46.8532
0.037986,46.8532
0.037993,46.9382
0.038,47.0042
0.038007,47.0042
0.038014,47.0042
0.038022,47.0892
0.038029,47.1732
0.038036,47.2392
0.038043,47.2392
0.038051,47.3242
0.038058,47.3242
0.038065,47.3892
0.038072,47.3892
0.03808,47.4752
0.038087,47.4752
0.038094,47.5402
0.038101,47.6252
0.038109,47.6252
0.038116,47.7112
0.038123,47.7112
0.03813,47.7962
0.038138,47.7962
0.038145,47.8612
0.038152,47.8612
0.038159,47.9472
0.038167,48.0332
0.038174,48.0982
0.038181,48.0332
0.038188,48.0982
0.038196,48.1842
0.038203,48.1842
0.03821,48.1842
0.038217,48.2702
0.038225,48.3342
0.038232,48.4212
0.038239,48.4212
0.038246,48.4212
0.038254,48.4212
0.038261,48.5082
0.038268,48.5082
0.038275,48.6582
0.038283,48.6582
0.03829,48.6582
0.038297,48.7452
0.038304,48.7222
0.038312,48.7452
0.038319,48.8962
0.038326,48.8962
0.038333,48.8962
0.038341,48.8962
0.038348,48.9832
0.038355,48.9832
0.038362,48.9832
0.03837,48.9832
0.038377,49.1342
0.038384,49.1342
0.038391,49.1972
0.038399,49.2222
0.038406,49.2222
0.038413,49.2222
0.03842,49.3732
0.038428,49.3732
0.038435,49.4612
0.038442,49.4612
0.038449,49.5492
0.038457,49.4612
0.038464,49.4612
0.038471,49.6112
0.038478,49.5232
0.038486,49.6112
0.038493,49.6112
0.0385,49.7002
0.038507,49.7002
0.038514,49.7622
0.038522,49.7002
0.038529,49.7882
0.038536,49.7882
0.038543,49.7882
0.038551,49.7882
0.038558,49.9392
0.038565,49.8502
0.038572,49.9122
0.03858,49.8502
0.038587,49.8502
0.038594,49.9392
0.038601,49.9392
0.038609,49.9392
0.038616,50.0282
0.038623,50.0012
0.03863,50.0282
0.038638,50.0282
0.038645,50.0282
0.038652,50.1792
0.038659,50.1512
0.038667,50.1792
0.038674,50.0902
0.038681,50.1792
0.038688,50.1512
0.038696,50.1792
0.038703,50.2682
0.03871,50.2682
0.038717,50.2682
0.038725,50.2682
0.038732,50.4182
0.038739,50.4182
0.038746,50.4182
0.038754,50.4182
0.038761,50.4182
0.038768,50.5082
0.038775,50.4182
0.038783,50.4802
0.03879,50.5982
0.038797,50.5082
0.038804,50.5082
0.038812,50.6592
0.038819,50.6592
0.038826,50.6592
0.038833,50.6592
0.038841,50.6592
0.038848,50.7482
0.038855,50.8092
0.038862,50.7482
0.03887,50.7482
0.038877,50.8992
0.038884,50.8992
0.038891,50.8992
0.038899,50.9892
0.038906,50.9892
0.038913,50.9892
0.03892,51.1402
0.038928,51.2302
0.038935,51.2302
0.038942,51.2302
0.038949,51.2302
0.038957,51.2302
0.038964,51.3812
0.038971,51.4712
0.038978,51.5622
0.038986,51.5622
0.038993,51.6222
0.039,51.5622
0.039007,51.6532
0.039014,51.5622
0.039022,51.7132
0.039029,51.7132
0.039036,51.8042
0.039043,51.8042
0.039051,51.8042
0.039058,51.8042
0.039065,51.8962
0.039072,51.8962
0.03908,51.8962
0.039087,51.8962
0.039094,51.8632
0.039101,51.9872
0.039109,52.0462
0.039116,52.0462
0.039123,52.0462
0.03913,52.0462
0.039138,52.1382
0.039145,52.1382
0.039152,52.1382
0.039159,52.1382
0.039167,52.1382
0.039174,52.1382
0.039181,52.2302
0.039188,52.2302
0.039196,52.2302
0.039203,52.2302
0.03921,52.2882
0.039217,52.2882
0.039225,52.2882
0.039232,52.3472
0.039239,52.3802
0.039246,52.3802
0.039254,52.3802
0.039261,52.4732
0.039268,52.4732
0.039275,52.4732
0.039283,52.5312
0.03929,52.4392
0.039297,52.5652
0.039304,52.4732
0.039312,52.6232
0.039319,52.5312
0.039326,52.6232
0.039333,52.6232
0.039341,52.7162
0.039348,52.6232
0.039355,52.7162
0.039362,52.7162
0.03937,52.7162
0.039377,52.7742
0.039384,52.8662
0.039391,52.8662
0.039399,52.7742
0.039406,52.8662
0.039413,52.8082
0.03942,52.8662
0.039428,52.8662
0.039435,52.9592
0.039442,52.9592
0.039449,53.0522
0.039457,53.0522
0.039464,53.0522
0.039471,53.0522
0.039478,53.0522
0.039486,53.2022
0.039493,53.1452
0.0395,53.2022
0.039507,53.2022
0.039514,53.3532
0.039522,53.2962
0.039529,53.2962
0.039536,53.3892
0.039543,53.2962
0.039551,53.2962
0.039558,53.3532
0.039565,53.4462
0.039572,53.4462
0.03958,53.4822
0.039587,53.5392
0.039594,53.5392
0.039601,53.6332
0.039609,53.5392
0.039616,53.6332
0.039623,53.6332
0.03963,53.7272
0.039638,53.7272
0.039645,53.7842
0.039652,53.6902
0.039659,53.7842
0.039667,53.8772
0.039674,53.8402
0.039681,53.8772
0.039688,53.9722
0.039696,53.8772
0.039703,53.9722
0.03971,53.9722
0.039717,54.0282
0.039725,54.0282
0.039732,53.9722
0.039739,54.1222
0.039746,54.1222
0.039754,54.1222
0.039761,54.1222
0.039768,54.2162
0.039775,54.2162
0.039783,54.2722
0.03979,54.2162
0.039797,54.2162
0.039804,54.3112
0.039812,54.3672
0.039819,54.3672
0.039826,54.3672
0.039833,54.4612
0.039841,54.4612
0.039848,54.5172
0.039855,54.5172
0.039862,54.5172
0.03987,54.5172
0.039877,54.5562
0.039884,54.5562
0.039891,54.5562
0.039899,54.7062
0.039906,54.7062
0.039913,54.6112
0.03992,54.6512
0.039928,54.7062
0.039935,54.8562
0.039942,54.8012
0.039949,54.8562
0.039957,54.8012
0.039964,54.8012
0.039971,54.8012
0.039978,54.8012
0.039986,54.8012
0.039993,54.8972
0.04,54.9522
0.040007,54.9522
0.040014,55.0062
0.040022,54.9922
0.040029,55.0472
0.040036,55.0472
0.040043,55.1972
0.040051,55.1012
0.040058,55.1422
0.040065,55.1972
0.040072,55.1972
0.04008,55.1422
0.040087,55.1422
0.040094,55.2932
0.040101,55.2382
0.040109,55.3882
0.040116,55.2932
0.040123,55.3472
0.04013,55.3882
0.040138,55.3882
0.040145,55.4422
0.040152,55.4422
0.040159,55.3882
0.040167,55.4842
0.040174,55.5802
0.040181,55.5382
0.040188,55.5382
0.040196,55.4842
0.040203,55.5382
0.04021,55.5382
0.040217,55.5802
0.040225,55.5802
0.040232,55.6342
0.040239,55.4842
0.040246,55.5802
0.040254,55.6772
0.040261,55.7302
0.040268,55.7302
0.040275,55.7302
0.040283,55.7302
0.04029,55.7302
0.040297,55.7302
0.040304,55.7302
0.040312,55.8272
0.040319,55.8802
0.040326,55.8272
0.040333,55.8272
0.040341,55.9232
0.040348,55.9232
0.040355,55.9232
0.040362,55.9232
0.04037,55.9772
0.040377,56.0732
0.040384,56.1262
0.040391,56.0732
0.040399,56.0302
0.040406,56.1262
0.040413,56.1262
0.04042,56.0732
0.040428,56.1702
0.040435,56.1262
0.040442,56.2232
0.040449,56.1702
0.040457,56.1702
0.040464,56.2672
0.040471,56.1702
0.040478,56.2672
0.040486,56.2672
0.040493,56.3202
0.0405,56.3202
0.040507,56.3202
0.040514,56.4172
0.040522,56.3732
0.040529,56.4702
0.040536,56.4172
0.040543,56.5672
0.040551,56.5142
0.040558,56.5142
0.040565,56.5672
0.040572,56.5672
0.04058,56.6192
0.040587,56.5222
0.040594,56.7162
0.040601,56.7162
0.040609,56.7162
0.040616,56.8132
0.040623,56.8132
0.04063,56.6642
0.040638,56.8592
0.040645,56.8592
0.040652,57.0092
0.040659,56.9572
0.040667,56.9572
0.040674,56.9572
0.040681,57.0092
0.040688,57.0092
0.040696,57.1072
0.040703,57.1072
0.04071,57.0552
0.040717,57.1582
0.040725,57.1072
0.040732,57.2052
0.040739,57.1582
0.040746,57.2052
0.040754,57.2052
0.040761,57.3032
0.040768,57.2562
0.040775,57.3032
0.040783,57.3542
0.04079,57.3032
0.040797,57.3032
0.040804,57.3032
0.040812,57.3032
0.040819,57.4522
0.040826,57.4522
0.040833,57.5032
0.040841,57.5032
0.040848,57.5032
0.040855,57.5032
0.040862,57.4522
0.04087,57.5032
0.040877,57.5512
0.040884,57.5032
0.040891,57.6022
0.040899,57.6502
0.040906,57.6022
0.040913,57.7002
0.04092,57.6502
0.040928,57.7482
0.040935,57.7482
0.040942,57.7482
0.040949,57.7482
0.040957,57.7482
0.040964,57.6502
0.040971,57.7482
0.040978,57.6982
0.041174,58.2452
0.041181,58.2452
0.041188,58.2452
0.041196,58.8622
0.041457,59.2912
0.041464,59.1462
0.041471,59.3052
0.041478,59.4742
0.041486,59.1462
0.041493,59.4582
0.0415,59.0982
0.041507,59.1992
0.041514,59.4022
0.041522,59.4522
0.041674,59.5512
0.041681,59.5512
0.041688,59.5992
0.041696,59.5992
0.041703,59.5512
0.04171,59.6532
0.041717,59.6532
0.041725,59.7012
0.041732,59.7012
0.041739,59.7552
0.041746,59.7012
0.041754,59.7012
0.041761,59.8022
0.041768,60.0932
0.041775,59.9042
0.041783,60.5952
0.04179,59.9042
0.041891,60.1082
0.041899,59.9042
0.041906,60.3052
0.041913,60.2582
0.04192,60.1562
0.041928,60.2582
0.041935,60.2582
0.041942,60.3052
0.041949,60.3052
0.041957,60.4632
0.041964,60.2582
0.041971,60.3602
0.041978,60.4072
0.041986,60.4072
0.041993,60.4072
0.042,60.3602
0.042007,60.5092
0.042014,60.5092
0.042022,60.5652
0.042029,60.5092
0.042036,60.5552
0.042043,60.5092
0.042051,60.5652
0.042058,60.5552
0.042065,60.6122
0.042072,60.6122
0.04208,60.6122
0.042087,60.7602
0.042094,60.7602
0.042101,60.7142
0.042109,60.7142
0.042116,60.7602
0.042123,60.6582
0.04213,60.8172
0.042138,60.8172
0.042145,60.7142
0.042152,60.8172
0.042159,60.7602
0.042167,60.8632
0.042174,60.8632
0.042181,60.9662
0.042188,60.9202
0.042196,60.9662
0.042203,60.9662
0.04221,61.0692
0.042217,61.0242
0.042225,61.0692
0.042232,61.0692
0.042239,61.1722
0.042246,61.0692
0.042254,61.0692
0.042261,61.1272
0.042268,61.0692
0.042275,61.1722
0.042283,61.1722
0.04229,61.2182
0.042297,61.2182
0.042304,61.2762
0.042312,61.3212
0.042319,61.3212
0.042326,61.2762
0.042333,61.2892
0.042341,61.3212
0.042348,61.2762
0.042355,61.2762
0.042362,61.3212
0.04237,61.2312
0.042377,61.4242
0.042384,61.3792
0.042391,61.4242
0.042399,61.5282
0.042406,61.5282
0.042413,61.3932
0.04242,61.3792
0.042428,61.5282
0.042435,61.5282
0.042442,61.5732
0.042449,61.4242
0.042457,61.5732
0.042464,61.6472
0.042471,61.4382
0.042478,61.7362
0.042486,61.6762
0.042493,61.6762
0.0425,61.6612
0.042507,61.7802
0.042514,61.7802
0.042522,61.7802
0.042529,61.6762
0.042536,61.7802
0.042543,61.7362
0.042551,61.7802
0.042558,61.7362
0.042565,61.7802
0.042572,61.8842
0.04258,61.8842
0.042587,61.8402
0.042594,61.9882
0.042601,61.8842
0.042609,61.7362
0.042616,61.9882
0.042623,62.0322
0.04263,62.0922
0.042638,61.9882
0.042645,62.0922
0.042652,62.1362
0.042659,62.0922
0.042667,62.1362
0.042674,62.1362
0.042681,62.1972
0.042688,62.1362
0.042696,62.0482
0.042703,62.2402
0.04271,62.3452
0.042717,62.3452
0.042725,62.3452
0.042732,62.3452
0.042739,62.3452
0.042746,62.3452
0.042754,62.4492
0.042761,62.4492
0.042768,62.4492
0.042775,62.4492
0.042783,62.4672
0.04279,62.5542
0.042797,62.5542
0.042804,62.5542
0.042812,62.5542
0.042819,62.6592
0.042826,62.3882
0.042833,62.5972
0.042841,62.7642
0.042848,62.5972
0.042855,62.6592
0.042862,62.7012
0.04287,62.7012
0.042877,62.8062
0.042884,62.8062
0.042891,62.9112
0.042899,62.8692
0.042906,62.8062
0.042913,62.8492
0.04292,62.9112
0.042928,62.9112
0.042935,62.9112
0.042942,62.9112
0.042949,62.9542
0.042957,62.9542
0.042964,63.0162
0.042971,63.0162
0.042978,63.0162
0.042986,63.0592
0.042993,63.1642
0.043,63.0162
0.043007,63.1222
0.043014,63.1222
0.043022,62.9742
0.043029,63.2692
0.043036,63.1222
0.043043,63.2272
0.043051,63.2692
0.043058,63.2692
0.043065,63.2272
0.043072,63.3332
0.04308,63.2692
0.043087,63.2692
0.043094,63.2692
0.043101,63.3752
0.043109,63.3332
0.043116,63.3752
0.043123,63.3752
0.04313,63.3752
0.043138,63.3752
0.043145,63.3752
0.043152,63.4802
0.043159,63.3752
0.043167,63.4802
0.043174,63.4802
0.043181,63.5862
0.043188,63.5862
0.043196,63.6922
0.043203,63.5862
0.04321,63.6272
0.043217,63.5452
0.043225,63.6272
0.043232,63.6922
0.043239,63.6922
0.043246,63.6922
0.043254,63.7332
0.043261,63.7332
0.043268,63.7332
0.043275,63.7982
0.043283,63.8392
0.04329,63.8392
0.043297,63.7332
0.043304,63.7332
0.043312,63.8392
0.043319,63.8392
0.043326,63.8392
0.043333,63.8392
0.043341,63.7982
0.043348,63.9042
0.043355,63.9452
0.043362,63.9452
0.04337,63.9452
0.043377,63.9452
0.043384,63.9452
0.043391,63.9452
0.043399,64.0512
0.043406,63.7742
0.043413,64.0512
0.04342,64.1982
0.043428,64.2642
0.043435,64.1982
0.043442,64.1982
0.043449,64.3042
0.043457,64.1572
0.043464,64.3042
0.043471,64.2642
0.043478,64.3042
0.043486,64.3042
0.043493,64.3042
0.043572,63.7402
0.04358,63.9542
0.043587,63.9542
0.043594,63.8312
0.043601,63.8882
0.043609,63.7812
0.043616,64.0062
0.043623,64.3452
0.04363,64.2632
0.043638,63.8882
0.043645,64.2632
0.043652,64.3042
0.043659,64.3732
0.043667,64.1032
0.043674,64.0212
0.043681,64.7202
0.043688,64.6412
0.043696,64.8382
0.043703,64.9452
0.04371,65.0532
0.043717,64.9062
0.043725,64.9452
0.043732,64.9452
0.043739,65.0912
0.043746,65.0912
0.043754,65.1992
0.043761,65.1992
0.043768,65.0912
0.043775,65.1992
0.043783,65.1992
0.04379,65.1992
0.043797,65.1992
0.043804,65.3062
0.043812,65.3062
0.043819,65.3062
0.043826,65.3442
0.043833,65.3062
0.043841,65.2372
0.043848,65.4522
0.043855,65.3442
0.043862,65.4522
0.04387,65.4522
0.043877,65.4522
0.043884,65.4522
0.043891,65.4142
0.043899,65.5592
0.043906,65.5592
0.043913,65.5592
0.04392,65.5592
0.043928,65.5592
0.043935,65.6672
0.043942,65.6672
0.043949,65.6672
0.043957,65.6672
0.043964,65.6672
0.043971,65.7752
0.043978,65.7752
0.043986,65.7752
0.043993,65.7752
0.044,65.7752
0.044007,65.7752
0.044014,65.7372
0.044022,65.7752
0.044029,65.6672
0.044036,65.8832
0.044043,65.7752
0.044051,65.7372
0.044058,65.8832
0.044065,65.5922
0.044072,65.0532
0.04408,64.8972
0.044087,64.8672
0.044094,64.9362
0.044101,65.4132
0.044109,65.5642
0.044116,65.5642
0.044123,65.4532
0.04413,65.0832
0.044138,65.1522
0.044145,65.1212
0.044152,65.2602
0.044159,65.2602
0.044167,65.3692
0.044174,65.5162
0.044181,65.6622
0.044232,66.3162
0.044239,66.3532
0.044246,66.4612
0.044254,66.3532
0.044261,66.3532
0.044268,66.4612
0.044275,66.3532
0.044283,66.4252
0.04429,66.2082
0.044297,66.4252
0.044304,66.4612
0.044312,66.4612
0.044319,66.4612
0.044326,66.5702
0.044333,66.4612
0.044341,66.4612
0.044348,66.5702
0.044355,66.5702
0.044362,66.6792
0.04437,66.6792
0.044377,66.6792
0.044384,66.6792
0.044391,66.6792
0.044399,66.6792
0.044406,66.6792
0.044413,66.6792
0.04442,66.6792
0.044428,66.7142
0.044435,66.7142
0.044442,66.6792
0.044449,66.8232
0.044457,66.9322
0.044464,66.8972
0.044471,66.7882
0.044478,66.9322
0.044486,67.0412
0.044493,67.1502
0.0445,67.0412
0.044507,67.0412
0.044514,67.1502
0.044522,67.1502
0.044529,67.1502
0.044536,67.2602
0.044543,67.2602
0.044551,67.2602
0.044558,67.1502
0.044565,67.3692
0.044572,67.2602
0.04458,67.2602
0.044587,67.2602
0.044594,67.2602
0.044601,67.0412
0.044609,67.3692
0.044616,67.2602
0.044623,67.1502
0.04463,67.3692
0.044638,67.2602
0.044645,67.4792
0.044652,67.3692
0.044659,67.3692
0.044667,67.4792
0.044674,67.4792
0.044681,67.4792
0.044688,67.5882
0.044696,67.4792
0.044703,67.5882
0.04471,67.5882
0.044717,67.6222
0.044725,67.6222
0.044732,67.7662
0.044739,67.7322
0.044746,67.7322
0.044754,67.6982
0.044761,67.6982
0.044768,67.7322
0.044775,67.8082
0.044783,67.8422
0.04479,67.8082
0.044797,67.8422
0.044804,67.8422
0.044812,67.8422
0.044819,67.9522
0.044826,67.9522
0.044833,68.0622
0.044841,67.9522
0.044848,68.0622
0.044855,67.9522
0.044862,67.9522
0.04487,68.1722
0.044877,67.8422
0.044884,67.9182
0.044891,67.9522
0.044899,68.1722
0.044906,68.1722
0.044913,68.1722
0.04492,68.2492
0.044928,68.2822
0.044935,68.2822
0.044942,68.3922
0.044949,68.3152
0.044957,68.2822
0.044964,68.3922
0.044971,68.4252
0.044978,68.3152
0.044986,68.5352
0.044993,68.4252
0.045,68.5032
0.045007,68.5352
0.045014,68.2382
0.045022,68.5352
0.045029,68.4252
0.045036,68.5352
0.045043,68.6142
0.045051,68.6142
0.045058,68.5352
0.045065,68.7242
0.045072,68.5352
